,Store,Assortment,CompetitionDistance,CompetitionOpenSinceMonth,CompetitionOpenSinceYear,Promo2,Promo2SinceWeek,Promo2SinceYear,PromoInterval,StoreType_b,StoreType_c,StoreType_d
0,1,1,1270.0,9.0,2008.0,0,0.0,0.0,NotApplicable,0.0,1.0,0.0
1,2,1,570.0,11.0,2007.0,1,13.0,2010.0,"Jan,Apr,Jul,Oct",0.0,0.0,0.0
2,3,1,14130.0,12.0,2006.0,1,14.0,2011.0,"Jan,Apr,Jul,Oct",0.0,0.0,0.0
3,4,3,620.0,9.0,2009.0,0,0.0,0.0,NotApplicable,0.0,1.0,0.0
4,5,1,29910.0,4.0,2015.0,0,0.0,0.0,NotApplicable,0.0,0.0,0.0
5,6,1,310.0,12.0,2013.0,0,0.0,0.0,NotApplicable,0.0,0.0,0.0
6,7,3,24000.0,4.0,2013.0,0,0.0,0.0,NotApplicable,0.0,0.0,0.0
7,8,1,7520.0,10.0,2014.0,0,0.0,0.0,NotApplicable,0.0,0.0,0.0
8,9,3,2030.0,8.0,2000.0,0,0.0,0.0,NotApplicable,0.0,0.0,0.0
9,10,1,3160.0,9.0,2009.0,0,0.0,0.0,NotApplicable,0.0,0.0,0.0
10,11,3,960.0,11.0,2011.0,1,1.0,2012.0,"Jan,Apr,Jul,Oct",0.0,0.0,0.0
11,12,3,1070.0,9.0,2013.0,1,13.0,2010.0,"Jan,Apr,Jul,Oct",0.0,0.0,0.0
12,13,1,310.0,9.0,2013.0,1,45.0,2009.0,"Feb,May,Aug,Nov",0.0,0.0,1.0
13,14,1,1300.0,3.0,2014.0,1,40.0,2011.0,"Jan,Apr,Jul,Oct",0.0,0.0,0.0
14,15,3,4110.0,3.0,2010.0,1,14.0,2011.0,"Jan,Apr,Jul,Oct",0.0,0.0,1.0
15,16,3,3270.0,9.0,2013.0,0,0.0,0.0,NotApplicable,0.0,0.0,0.0
16,17,1,50.0,12.0,2005.0,1,26.0,2010.0,"Jan,Apr,Jul,Oct",0.0,0.0,0.0
17,18,3,13840.0,6.0,2010.0,1,14.0,2012.0,"Jan,Apr,Jul,Oct",0.0,0.0,1.0
18,19,3,3240.0,9.0,2013.0,1,22.0,2011.0,"Mar,Jun,Sept,Dec",0.0,0.0,0.0
19,20,1,2340.0,5.0,2009.0,1,40.0,2014.0,"Jan,Apr,Jul,Oct",0.0,0.0,1.0
20,21,3,550.0,10.0,1999.0,1,45.0,2009.0,"Jan,Apr,Jul,Oct",0.0,1.0,0.0
21,22,1,1040.0,9.0,2013.0,1,22.0,2012.0,"Jan,Apr,Jul,Oct",0.0,0.0,0.0
22,23,1,4060.0,8.0,2005.0,0,0.0,0.0,NotApplicable,0.0,0.0,1.0
23,24,3,4590.0,3.0,2000.0,1,40.0,2011.0,"Jan,Apr,Jul,Oct",0.0,0.0,0.0
24,25,1,430.0,4.0,2003.0,0,0.0,0.0,NotApplicable,0.0,1.0,0.0
25,26,1,2300.0,9.0,2013.0,0,0.0,0.0,NotApplicable,0.0,0.0,1.0
26,27,1,60.0,1.0,2005.0,1,5.0,2011.0,"Jan,Apr,Jul,Oct",0.0,0.0,0.0
27,28,1,1200.0,10.0,2014.0,1,6.0,2015.0,"Mar,Jun,Sept,Dec",0.0,0.0,0.0
28,29,3,2170.0,9.0,2013.0,0,0.0,0.0,NotApplicable,0.0,0.0,1.0
29,30,1,40.0,2.0,2014.0,1,10.0,2014.0,"Mar,Jun,Sept,Dec",0.0,0.0,0.0
30,31,3,9800.0,7.0,2012.0,0,0.0,0.0,NotApplicable,0.0,0.0,1.0
31,32,1,2910.0,9.0,2013.0,1,45.0,2009.0,"Feb,May,Aug,Nov",0.0,0.0,0.0
32,33,3,1320.0,5.0,2013.0,0,0.0,0.0,NotApplicable,0.0,0.0,0.0
33,34,1,2240.0,9.0,2009.0,0,0.0,0.0,NotApplicable,0.0,1.0,0.0
34,35,3,7660.0,10.0,2000.0,1,1.0,2012.0,"Jan,Apr,Jul,Oct",0.0,0.0,1.0
35,36,3,540.0,6.0,2003.0,1,40.0,2014.0,"Jan,Apr,Jul,Oct",0.0,0.0,0.0
36,37,1,4230.0,12.0,2014.0,0,0.0,0.0,NotApplicable,0.0,1.0,0.0
37,38,1,1090.0,4.0,2007.0,0,0.0,0.0,NotApplicable,0.0,0.0,1.0
38,39,1,260.0,10.0,2006.0,1,31.0,2013.0,"Feb,May,Aug,Nov",0.0,0.0,0.0
39,40,1,180.0,9.0,2013.0,1,45.0,2009.0,"Feb,May,Aug,Nov",0.0,0.0,0.0
40,41,3,1180.0,9.0,2013.0,1,31.0,2013.0,"Jan,Apr,Jul,Oct",0.0,0.0,1.0
41,42,3,290.0,9.0,2013.0,1,40.0,2011.0,"Jan,Apr,Jul,Oct",0.0,0.0,0.0
42,43,1,4880.0,9.0,2013.0,1,37.0,2009.0,"Jan,Apr,Jul,Oct",0.0,0.0,1.0
43,44,1,540.0,6.0,2011.0,0,0.0,0.0,NotApplicable,0.0,0.0,0.0
44,45,1,9710.0,2.0,2014.0,0,0.0,0.0,NotApplicable,0.0,0.0,1.0
45,46,1,1200.0,9.0,2005.0,1,14.0,2011.0,"Jan,Apr,Jul,Oct",0.0,1.0,0.0
46,47,3,270.0,4.0,2013.0,1,14.0,2013.0,"Jan,Apr,Jul,Oct",0.0,0.0,0.0
47,48,1,1060.0,5.0,2012.0,0,0.0,0.0,NotApplicable,0.0,0.0,0.0
48,49,3,18010.0,9.0,2007.0,0,0.0,0.0,NotApplicable,0.0,0.0,1.0
49,50,1,6260.0,11.0,2009.0,0,0.0,0.0,NotApplicable,0.0,0.0,1.0
50,51,3,10570.0,7.0,2013.0,1,9.0,2011.0,"Jan,Apr,Jul,Oct",0.0,0.0,0.0
51,52,3,450.0,4.0,2014.0,1,39.0,2010.0,"Jan,Apr,Jul,Oct",0.0,0.0,1.0
52,53,3,30360.0,9.0,2013.0,0,0.0,0.0,NotApplicable,0.0,0.0,0.0
53,54,3,7170.0,8.0,2014.0,1,5.0,2013.0,"Feb,May,Aug,Nov",0.0,0.0,1.0
54,55,1,720.0,11.0,2004.0,0,0.0,0.0,NotApplicable,0.0,0.0,0.0
55,56,3,6620.0,3.0,2012.0,1,10.0,2014.0,"Mar,Jun,Sept,Dec",0.0,0.0,1.0
56,57,3,420.0,6.0,2014.0,0,0.0,0.0,NotApplicable,0.0,0.0,1.0
57,58,3,7340.0,5.0,2008.0,1,27.0,2012.0,"Jan,Apr,Jul,Oct",0.0,0.0,0.0
58,59,3,2840.0,6.0,2007.0,1,14.0,2011.0,"Jan,Apr,Jul,Oct",0.0,0.0,0.0
59,60,3,5540.0,10.0,2009.0,0,0.0,0.0,NotApplicable,0.0,0.0,1.0
60,61,3,350.0,12.0,2007.0,1,1.0,2012.0,"Jan,Apr,Jul,Oct",0.0,0.0,0.0
61,62,1,2050.0,9.0,2013.0,0,0.0,0.0,NotApplicable,0.0,0.0,0.0
62,63,3,3700.0,6.0,2010.0,1,18.0,2010.0,"Feb,May,Aug,Nov",0.0,1.0,0.0
63,64,3,22560.0,9.0,2013.0,1,14.0,2013.0,"Jan,Apr,Jul,Oct",0.0,0.0,1.0
64,65,3,13840.0,5.0,2010.0,1,1.0,2012.0,"Jan,Apr,Jul,Oct",0.0,0.0,0.0
65,66,1,7660.0,9.0,2013.0,1,37.0,2009.0,"Jan,Apr,Jul,Oct",0.0,0.0,1.0
66,67,3,410.0,2.0,2006.0,0,0.0,0.0,NotApplicable,0.0,0.0,0.0
67,68,3,250.0,9.0,2013.0,1,35.0,2012.0,"Mar,Jun,Sept,Dec",0.0,0.0,0.0
68,69,3,1130.0,9.0,2013.0,1,40.0,2011.0,"Jan,Apr,Jul,Oct",0.0,1.0,0.0
69,70,3,4840.0,9.0,2013.0,0,0.0,0.0,NotApplicable,0.0,1.0,0.0
70,71,1,17500.0,8.0,2008.0,1,37.0,2009.0,"Mar,Jun,Sept,Dec",0.0,0.0,0.0
71,72,1,2200.0,12.0,2009.0,1,13.0,2010.0,"Jan,Apr,Jul,Oct",0.0,0.0,0.0
72,73,3,1650.0,9.0,2008.0,0,0.0,0.0,NotApplicable,0.0,0.0,0.0
73,74,1,330.0,9.0,2013.0,0,0.0,0.0,NotApplicable,0.0,0.0,0.0
74,75,3,22440.0,12.0,2013.0,0,0.0,0.0,NotApplicable,0.0,0.0,1.0
75,76,3,19960.0,3.0,2006.0,0,0.0,0.0,NotApplicable,0.0,0.0,1.0
76,77,3,1090.0,8.0,2009.0,1,10.0,2014.0,"Jan,Apr,Jul,Oct",0.0,0.0,1.0
77,78,1,3510.0,11.0,2006.0,1,5.0,2013.0,"Feb,May,Aug,Nov",0.0,0.0,0.0
78,79,1,3320.0,9.0,2013.0,0,0.0,0.0,NotApplicable,0.0,0.0,0.0
79,80,1,7910.0,9.0,2013.0,0,0.0,0.0,NotApplicable,0.0,0.0,1.0
80,81,1,2370.0,3.0,2011.0,1,40.0,2014.0,"Jan,Apr,Jul,Oct",0.0,0.0,0.0
81,82,1,22390.0,4.0,2008.0,1,37.0,2009.0,"Jan,Apr,Jul,Oct",0.0,0.0,0.0
82,83,1,2710.0,9.0,2013.0,0,0.0,0.0,NotApplicable,0.0,0.0,0.0
83,84,3,11810.0,8.0,2014.0,0,0.0,0.0,NotApplicable,0.0,0.0,0.0
84,85,1,1870.0,10.0,2011.0,0,0.0,0.0,NotApplicable,1.0,0.0,0.0
85,86,1,480.0,2.0,2005.0,1,31.0,2013.0,"Jan,Apr,Jul,Oct",0.0,0.0,0.0
86,87,1,560.0,12.0,2010.0,0,0.0,0.0,NotApplicable,0.0,0.0,0.0
87,88,1,10690.0,10.0,2005.0,0,0.0,0.0,NotApplicable,0.0,0.0,0.0
88,89,1,2380.0,7.0,2004.0,1,40.0,2014.0,"Jan,Apr,Jul,Oct",0.0,0.0,0.0
89,90,1,330.0,11.0,2007.0,0,0.0,0.0,NotApplicable,0.0,0.0,0.0
90,91,1,2410.0,9.0,2013.0,1,35.0,2011.0,"Jan,Apr,Jul,Oct",0.0,1.0,0.0
91,92,1,240.0,9.0,2013.0,1,45.0,2009.0,"Feb,May,Aug,Nov",0.0,1.0,0.0
92,93,1,16690.0,9.0,2013.0,1,14.0,2011.0,"Jan,Apr,Jul,Oct",0.0,0.0,0.0
93,94,3,14620.0,9.0,2013.0,0,0.0,0.0,NotApplicable,0.0,0.0,1.0
94,95,1,1890.0,10.0,2014.0,0,0.0,0.0,NotApplicable,0.0,0.0,0.0
95,96,1,8780.0,2.0,2005.0,1,37.0,2009.0,"Jan,Apr,Jul,Oct",0.0,0.0,0.0
96,97,3,8980.0,9.0,2013.0,0,0.0,0.0,NotApplicable,0.0,0.0,1.0
97,98,3,15140.0,12.0,2006.0,1,1.0,2012.0,"Jan,Apr,Jul,Oct",0.0,0.0,1.0
98,99,3,2030.0,11.0,2003.0,1,22.0,2012.0,"Mar,Jun,Sept,Dec",0.0,1.0,0.0
99,100,1,17930.0,9.0,2013.0,0,0.0,0.0,NotApplicable,0.0,0.0,1.0
100,101,3,2440.0,9.0,2013.0,1,22.0,2012.0,"Mar,Jun,Sept,Dec",0.0,0.0,1.0
101,102,1,150.0,12.0,2007.0,1,10.0,2014.0,"Mar,Jun,Sept,Dec",0.0,0.0,0.0
102,103,3,5210.0,5.0,2015.0,0,0.0,0.0,NotApplicable,0.0,0.0,1.0
103,104,1,390.0,6.0,2009.0,0,0.0,0.0,NotApplicable,0.0,0.0,0.0
104,105,3,6190.0,9.0,2013.0,1,23.0,2013.0,"Mar,Jun,Sept,Dec",0.0,0.0,0.0
105,106,1,1390.0,8.0,2013.0,0,0.0,0.0,NotApplicable,0.0,0.0,0.0
106,107,1,1930.0,9.0,2009.0,0,0.0,0.0,NotApplicable,0.0,0.0,0.0
107,108,3,2190.0,9.0,2003.0,0,0.0,0.0,NotApplicable,0.0,0.0,1.0
108,109,3,3300.0,11.0,2010.0,0,0.0,0.0,NotApplicable,0.0,0.0,0.0
109,110,3,46590.0,4.0,2013.0,0,0.0,0.0,NotApplicable,0.0,0.0,0.0
110,111,3,7890.0,9.0,2013.0,1,37.0,2009.0,"Jan,Apr,Jul,Oct",0.0,0.0,1.0
111,112,1,1630.0,9.0,2009.0,0,0.0,0.0,NotApplicable,0.0,0.0,0.0
112,113,3,20930.0,11.0,1999.0,0,0.0,0.0,NotApplicable,0.0,0.0,1.0
113,114,1,4510.0,9.0,2013.0,1,48.0,2011.0,"Mar,Jun,Sept,Dec",0.0,1.0,0.0
114,115,3,5740.0,4.0,2007.0,1,40.0,2014.0,"Jan,Apr,Jul,Oct",0.0,0.0,1.0
115,116,1,680.0,4.0,2013.0,0,0.0,0.0,NotApplicable,0.0,0.0,0.0
116,117,1,3450.0,9.0,2011.0,0,0.0,0.0,NotApplicable,0.0,0.0,0.0
117,118,3,3580.0,9.0,2012.0,0,0.0,0.0,NotApplicable,0.0,0.0,1.0
118,119,3,2100.0,2.0,2010.0,0,0.0,0.0,NotApplicable,0.0,0.0,0.0
119,120,1,2290.0,12.0,2014.0,1,37.0,2009.0,"Jan,Apr,Jul,Oct",0.0,0.0,1.0
120,121,1,3570.0,11.0,2009.0,1,36.0,2013.0,"Mar,Jun,Sept,Dec",0.0,0.0,0.0
121,122,3,58260.0,4.0,2013.0,0,0.0,0.0,NotApplicable,0.0,0.0,0.0
122,123,1,16760.0,9.0,2011.0,0,0.0,0.0,NotApplicable,0.0,0.0,0.0
123,124,1,1410.0,4.0,2003.0,0,0.0,0.0,NotApplicable,0.0,0.0,0.0
124,125,1,760.0,12.0,2005.0,0,0.0,0.0,NotApplicable,0.0,0.0,0.0
125,126,1,3370.0,10.0,2014.0,1,18.0,2011.0,"Feb,May,Aug,Nov",0.0,0.0,1.0
126,127,1,1350.0,12.0,2005.0,1,13.0,2010.0,"Jan,Apr,Jul,Oct",0.0,0.0,1.0
127,128,3,2000.0,9.0,2013.0,1,1.0,2013.0,"Jan,Apr,Jul,Oct",0.0,0.0,1.0
128,129,1,2460.0,9.0,2013.0,1,14.0,2011.0,"Jan,Apr,Jul,Oct",0.0,0.0,0.0
129,130,1,900.0,9.0,2013.0,1,13.0,2010.0,"Jan,Apr,Jul,Oct",0.0,1.0,0.0
130,131,1,920.0,7.0,2015.0,0,0.0,0.0,NotApplicable,0.0,1.0,0.0
131,132,3,1040.0,9.0,2013.0,1,27.0,2012.0,"Jan,Apr,Jul,Oct",0.0,0.0,1.0
132,133,1,270.0,8.0,2013.0,1,10.0,2014.0,"Mar,Jun,Sept,Dec",0.0,0.0,0.0
133,134,1,1200.0,9.0,2008.0,0,0.0,0.0,NotApplicable,0.0,0.0,0.0
134,135,1,5190.0,9.0,2013.0,1,1.0,2013.0,"Jan,Apr,Jul,Oct",0.0,0.0,1.0
135,136,3,2200.0,12.0,2010.0,1,22.0,2012.0,"Feb,May,Aug,Nov",0.0,0.0,0.0
136,137,1,1730.0,7.0,2015.0,1,40.0,2014.0,"Jan,Apr,Jul,Oct",0.0,0.0,0.0
137,138,3,25360.0,10.0,2014.0,0,0.0,0.0,NotApplicable,0.0,0.0,0.0
138,139,1,1700.0,1.0,2008.0,1,14.0,2011.0,"Jan,Apr,Jul,Oct",0.0,0.0,0.0
139,140,3,1090.0,7.0,2010.0,1,1.0,2013.0,"Jan,Apr,Jul,Oct",0.0,0.0,0.0
140,141,3,1540.0,9.0,2013.0,1,22.0,2012.0,"Mar,Jun,Sept,Dec",0.0,1.0,0.0
141,142,1,1090.0,7.0,2002.0,0,0.0,0.0,NotApplicable,0.0,0.0,0.0
142,143,1,2930.0,12.0,2002.0,0,0.0,0.0,NotApplicable,0.0,0.0,1.0
143,144,3,16570.0,9.0,2013.0,0,0.0,0.0,NotApplicable,0.0,0.0,0.0
144,145,1,280.0,9.0,2013.0,1,45.0,2009.0,"Feb,May,Aug,Nov",0.0,0.0,0.0
145,146,3,8050.0,10.0,1961.0,1,48.0,2012.0,"Jan,Apr,Jul,Oct",0.0,0.0,1.0
146,147,3,8540.0,9.0,2013.0,0,0.0,0.0,NotApplicable,0.0,0.0,1.0
147,148,1,2090.0,12.0,2008.0,0,0.0,0.0,NotApplicable,0.0,0.0,0.0
148,149,1,2610.0,7.0,2006.0,1,14.0,2011.0,"Jan,Apr,Jul,Oct",0.0,0.0,1.0
149,150,3,31830.0,3.0,2010.0,0,0.0,0.0,NotApplicable,0.0,1.0,0.0
150,151,3,4360.0,10.0,2005.0,0,0.0,0.0,NotApplicable,0.0,0.0,1.0
151,152,1,1780.0,9.0,2013.0,0,0.0,0.0,NotApplicable,0.0,0.0,0.0
152,153,1,16240.0,10.0,2000.0,1,18.0,2011.0,"Feb,May,Aug,Nov",0.0,0.0,0.0
153,154,3,16420.0,9.0,2013.0,0,0.0,0.0,NotApplicable,0.0,0.0,1.0
154,155,1,3050.0,9.0,2013.0,1,35.0,2010.0,"Jan,Apr,Jul,Oct",0.0,0.0,1.0
155,156,1,2020.0,2.0,2011.0,1,14.0,2011.0,"Mar,Jun,Sept,Dec",0.0,0.0,0.0
156,157,3,2950.0,10.0,2004.0,0,0.0,0.0,NotApplicable,0.0,0.0,0.0
157,158,3,11840.0,9.0,2013.0,1,31.0,2009.0,"Feb,May,Aug,Nov",0.0,0.0,1.0
158,159,1,8530.0,3.0,2013.0,0,0.0,0.0,NotApplicable,0.0,0.0,1.0
159,160,3,17110.0,11.0,2005.0,0,0.0,0.0,NotApplicable,0.0,0.0,1.0
160,161,3,2970.0,3.0,2005.0,0,0.0,0.0,NotApplicable,0.0,0.0,0.0
161,162,3,5340.0,3.0,2012.0,1,13.0,2010.0,"Jan,Apr,Jul,Oct",0.0,0.0,1.0
162,163,1,1480.0,4.0,2009.0,0,0.0,0.0,NotApplicable,0.0,0.0,0.0
163,164,1,1160.0,9.0,2005.0,1,13.0,2010.0,"Jan,Apr,Jul,Oct",0.0,0.0,0.0
164,165,1,3720.0,4.0,2005.0,1,13.0,2010.0,"Jan,Apr,Jul,Oct",0.0,0.0,0.0
165,166,3,100.0,4.0,2014.0,1,31.0,2013.0,"Jan,Apr,Jul,Oct",0.0,0.0,0.0
166,167,1,140.0,4.0,2008.0,0,0.0,0.0,NotApplicable,0.0,0.0,0.0
167,168,1,12540.0,9.0,2013.0,0,0.0,0.0,NotApplicable,0.0,0.0,0.0
168,169,1,980.0,7.0,2014.0,1,18.0,2014.0,"Feb,May,Aug,Nov",0.0,0.0,1.0
169,170,1,1070.0,5.0,2015.0,1,14.0,2011.0,"Jan,Apr,Jul,Oct",0.0,0.0,0.0
170,171,1,2640.0,9.0,2013.0,0,0.0,0.0,NotApplicable,0.0,0.0,0.0
171,172,1,110.0,9.0,2013.0,1,40.0,2014.0,"Jan,Apr,Jul,Oct",0.0,0.0,0.0
172,173,1,350.0,12.0,2012.0,0,0.0,0.0,NotApplicable,0.0,0.0,0.0
173,174,1,13090.0,9.0,2013.0,1,22.0,2012.0,"Jan,Apr,Jul,Oct",0.0,0.0,0.0
174,175,1,4130.0,9.0,2013.0,0,0.0,0.0,NotApplicable,0.0,1.0,0.0
175,176,1,3770.0,9.0,2013.0,0,0.0,0.0,NotApplicable,0.0,0.0,0.0
176,177,1,1250.0,2.0,2004.0,1,5.0,2013.0,"Feb,May,Aug,Nov",0.0,0.0,0.0
177,178,1,1710.0,9.0,2013.0,0,0.0,0.0,NotApplicable,0.0,0.0,1.0
178,179,3,480.0,9.0,2013.0,0,0.0,0.0,NotApplicable,0.0,0.0,0.0
179,180,1,5800.0,9.0,2010.0,0,0.0,0.0,NotApplicable,0.0,0.0,1.0
180,181,1,12610.0,3.0,2013.0,1,14.0,2011.0,"Jan,Apr,Jul,Oct",0.0,0.0,0.0
181,182,3,1390.0,9.0,2013.0,1,9.0,2011.0,"Mar,Jun,Sept,Dec",0.0,0.0,1.0
182,183,1,9670.0,9.0,2013.0,0,0.0,0.0,NotApplicable,0.0,0.0,0.0
183,184,3,3560.0,9.0,2013.0,0,0.0,0.0,NotApplicable,0.0,0.0,1.0
184,185,3,1860.0,5.0,2015.0,0,0.0,0.0,NotApplicable,0.0,0.0,1.0
185,186,1,290.0,10.0,2011.0,1,40.0,2014.0,"Jan,Apr,Jul,Oct",0.0,0.0,0.0
186,187,3,19360.0,9.0,2013.0,0,0.0,0.0,NotApplicable,0.0,0.0,0.0
187,188,1,850.0,9.0,2013.0,1,18.0,2011.0,"Feb,May,Aug,Nov",0.0,0.0,1.0
188,189,1,5760.0,7.0,2014.0,0,0.0,0.0,NotApplicable,0.0,0.0,1.0
189,190,1,1470.0,12.0,2006.0,1,40.0,2014.0,"Jan,Apr,Jul,Oct",0.0,0.0,0.0
190,191,1,1100.0,8.0,2013.0,1,40.0,2014.0,"Jan,Apr,Jul,Oct",0.0,0.0,0.0
191,192,3,2770.0,3.0,2008.0,1,40.0,2014.0,"Jan,Apr,Jul,Oct",0.0,0.0,1.0
192,193,1,520.0,9.0,2013.0,0,0.0,0.0,NotApplicable,0.0,0.0,0.0
193,194,3,16970.0,9.0,2013.0,1,5.0,2013.0,"Feb,May,Aug,Nov",0.0,0.0,1.0
194,195,3,220.0,9.0,2013.0,0,0.0,0.0,NotApplicable,0.0,0.0,0.0
195,196,1,3850.0,11.0,2005.0,1,14.0,2011.0,"Jan,Apr,Jul,Oct",0.0,1.0,0.0
196,197,1,4210.0,3.0,2015.0,0,0.0,0.0,NotApplicable,0.0,1.0,0.0
197,198,1,290.0,9.0,2002.0,1,13.0,2010.0,"Jan,Apr,Jul,Oct",0.0,0.0,0.0
198,199,3,6360.0,12.0,2010.0,1,14.0,2012.0,"Mar,Jun,Sept,Dec",0.0,0.0,1.0
199,200,1,1650.0,10.0,2000.0,0,0.0,0.0,NotApplicable,0.0,0.0,0.0
200,201,1,20260.0,9.0,2013.0,1,18.0,2014.0,"Mar,Jun,Sept,Dec",0.0,0.0,1.0
201,202,3,5140.0,5.0,2010.0,0,0.0,0.0,NotApplicable,0.0,0.0,1.0
202,203,3,490.0,11.0,2002.0,0,0.0,0.0,NotApplicable,0.0,1.0,0.0
203,204,1,5630.0,12.0,2002.0,1,40.0,2014.0,"Jan,Apr,Jul,Oct",0.0,0.0,0.0
204,205,1,110.0,12.0,2007.0,0,0.0,0.0,NotApplicable,0.0,0.0,0.0
205,206,3,380.0,9.0,2013.0,1,14.0,2012.0,"Jan,Apr,Jul,Oct",0.0,0.0,0.0
206,207,1,6870.0,9.0,2013.0,0,0.0,0.0,NotApplicable,0.0,0.0,0.0
207,208,1,300.0,4.0,2006.0,0,0.0,0.0,NotApplicable,0.0,1.0,0.0
208,209,3,11680.0,9.0,2011.0,1,31.0,2013.0,"Jan,Apr,Jul,Oct",0.0,0.0,0.0
209,210,1,970.0,11.0,1999.0,1,5.0,2013.0,"Feb,May,Aug,Nov",0.0,0.0,1.0
210,211,3,350.0,11.0,2006.0,0,0.0,0.0,NotApplicable,0.0,0.0,0.0
211,212,3,15050.0,9.0,2008.0,0,0.0,0.0,NotApplicable,0.0,0.0,0.0
212,213,3,4030.0,3.0,2014.0,1,1.0,2014.0,"Jan,Apr,Jul,Oct",0.0,0.0,1.0
213,214,1,8650.0,7.0,2013.0,1,10.0,2014.0,"Jan,Apr,Jul,Oct",0.0,0.0,1.0
214,215,1,150.0,9.0,2013.0,1,45.0,2009.0,"Feb,May,Aug,Nov",0.0,0.0,1.0
215,216,1,190.0,9.0,2013.0,1,45.0,2009.0,"Feb,May,Aug,Nov",0.0,1.0,0.0
216,217,1,3150.0,9.0,2013.0,0,0.0,0.0,NotApplicable,0.0,1.0,0.0
217,218,3,640.0,9.0,2013.0,1,9.0,2011.0,"Mar,Jun,Sept,Dec",0.0,0.0,0.0
218,219,1,1640.0,2.0,2013.0,0,0.0,0.0,NotApplicable,0.0,0.0,0.0
219,220,1,1000.0,9.0,2008.0,0,0.0,0.0,NotApplicable,0.0,0.0,0.0
220,221,3,13530.0,9.0,2013.0,0,0.0,0.0,NotApplicable,0.0,0.0,1.0
221,222,1,2170.0,11.0,2008.0,0,0.0,0.0,NotApplicable,0.0,0.0,0.0
222,223,3,2920.0,10.0,1995.0,1,27.0,2011.0,"Jan,Apr,Jul,Oct",0.0,0.0,1.0
223,224,3,7930.0,9.0,2013.0,1,1.0,2013.0,"Jan,Apr,Jul,Oct",0.0,0.0,1.0
224,225,1,10180.0,5.0,2015.0,0,0.0,0.0,NotApplicable,0.0,0.0,1.0
225,226,1,450.0,9.0,2013.0,0,0.0,0.0,NotApplicable,0.0,0.0,0.0
226,227,1,2370.0,9.0,2013.0,0,0.0,0.0,NotApplicable,0.0,0.0,0.0
227,228,3,10800.0,9.0,2013.0,1,18.0,2011.0,"Feb,May,Aug,Nov",0.0,0.0,1.0
228,229,3,17410.0,4.0,2007.0,1,14.0,2011.0,"Jan,Apr,Jul,Oct",0.0,0.0,1.0
229,230,3,6680.0,9.0,2013.0,0,0.0,0.0,NotApplicable,0.0,0.0,1.0
230,231,3,3840.0,10.0,2008.0,1,39.0,2010.0,"Feb,May,Aug,Nov",0.0,0.0,1.0
231,232,3,13570.0,5.0,2010.0,1,10.0,2013.0,"Mar,Jun,Sept,Dec",0.0,1.0,0.0
232,233,1,1890.0,9.0,2013.0,0,0.0,0.0,NotApplicable,0.0,0.0,0.0
233,234,1,4370.0,9.0,2013.0,0,0.0,0.0,NotApplicable,0.0,0.0,1.0
234,235,1,5710.0,3.0,2012.0,1,37.0,2009.0,"Jan,Apr,Jul,Oct",0.0,0.0,0.0
235,236,1,1000.0,11.0,2007.0,0,0.0,0.0,NotApplicable,0.0,0.0,0.0
236,237,1,1420.0,11.0,2007.0,0,0.0,0.0,NotApplicable,0.0,0.0,0.0
237,238,1,320.0,9.0,2013.0,1,45.0,2009.0,"Feb,May,Aug,Nov",0.0,0.0,0.0
238,239,3,610.0,9.0,2013.0,0,0.0,0.0,NotApplicable,0.0,0.0,1.0
239,240,1,1110.0,5.0,2009.0,0,0.0,0.0,NotApplicable,0.0,0.0,0.0
240,241,3,780.0,9.0,2013.0,0,0.0,0.0,NotApplicable,0.0,0.0,1.0
241,242,1,6880.0,9.0,2001.0,1,14.0,2011.0,"Jan,Apr,Jul,Oct",0.0,0.0,1.0
242,243,1,310.0,9.0,2013.0,1,5.0,2013.0,"Feb,May,Aug,Nov",0.0,0.0,0.0
243,244,1,710.0,3.0,2012.0,1,1.0,2012.0,"Jan,Apr,Jul,Oct",0.0,0.0,1.0
244,245,3,1310.0,9.0,2013.0,0,0.0,0.0,NotApplicable,0.0,0.0,0.0
245,246,1,4660.0,4.0,2013.0,0,0.0,0.0,NotApplicable,0.0,1.0,0.0
246,247,3,70.0,11.0,2010.0,1,5.0,2013.0,"Feb,May,Aug,Nov",0.0,0.0,1.0
247,248,3,340.0,9.0,2012.0,1,40.0,2012.0,"Jan,Apr,Jul,Oct",0.0,0.0,0.0
248,249,3,18010.0,9.0,2014.0,0,0.0,0.0,NotApplicable,0.0,0.0,1.0
249,250,1,3520.0,9.0,2013.0,1,18.0,2012.0,"Feb,May,Aug,Nov",0.0,0.0,1.0
250,251,3,340.0,9.0,2013.0,0,0.0,0.0,NotApplicable,0.0,0.0,0.0
251,252,3,22330.0,9.0,2013.0,1,5.0,2010.0,"Feb,May,Aug,Nov",0.0,0.0,1.0
252,253,3,250.0,9.0,2013.0,1,5.0,2013.0,"Feb,May,Aug,Nov",0.0,0.0,0.0
253,254,1,330.0,3.0,2008.0,1,1.0,2012.0,"Mar,Jun,Sept,Dec",0.0,0.0,1.0
254,255,3,4630.0,3.0,2011.0,1,35.0,2011.0,"Feb,May,Aug,Nov",0.0,1.0,0.0
255,256,3,80.0,9.0,2005.0,1,10.0,2014.0,"Mar,Jun,Sept,Dec",0.0,0.0,0.0
256,257,1,420.0,12.0,2012.0,0,0.0,0.0,NotApplicable,0.0,0.0,0.0
257,258,1,27190.0,7.0,2010.0,1,37.0,2009.0,"Jan,Apr,Jul,Oct",0.0,0.0,0.0
258,259,2,210.0,9.0,2013.0,0,0.0,0.0,NotApplicable,1.0,0.0,0.0
259,260,1,540.0,10.0,2011.0,0,0.0,0.0,NotApplicable,0.0,0.0,0.0
260,261,3,15340.0,4.0,2015.0,1,39.0,2009.0,"Jan,Apr,Jul,Oct",0.0,0.0,1.0
261,262,1,1180.0,5.0,2013.0,0,0.0,0.0,NotApplicable,1.0,0.0,0.0
262,263,3,1140.0,5.0,2013.0,1,40.0,2014.0,"Jan,Apr,Jul,Oct",0.0,0.0,0.0
263,264,1,180.0,3.0,2014.0,0,0.0,0.0,NotApplicable,0.0,0.0,0.0
264,265,1,4580.0,9.0,2013.0,1,14.0,2015.0,"Jan,Apr,Jul,Oct",0.0,0.0,0.0
265,266,3,360.0,3.0,2014.0,1,9.0,2011.0,"Mar,Jun,Sept,Dec",0.0,0.0,0.0
266,267,1,2460.0,1.0,2012.0,0,0.0,0.0,NotApplicable,0.0,1.0,0.0
267,268,1,4520.0,2.0,2014.0,0,0.0,0.0,NotApplicable,0.0,0.0,0.0
268,269,3,60.0,6.0,2015.0,0,0.0,0.0,NotApplicable,0.0,0.0,0.0
269,270,1,1450.0,7.0,2014.0,0,0.0,0.0,NotApplicable,0.0,0.0,0.0
270,271,1,420.0,9.0,2013.0,1,14.0,2011.0,"Jan,Apr,Jul,Oct",0.0,0.0,0.0
271,272,1,16180.0,7.0,2003.0,1,14.0,2011.0,"Jan,Apr,Jul,Oct",0.0,0.0,0.0
272,273,3,8480.0,9.0,2013.0,0,0.0,0.0,NotApplicable,0.0,0.0,0.0
273,274,2,3640.0,9.0,2013.0,1,10.0,2013.0,"Jan,Apr,Jul,Oct",1.0,0.0,0.0
274,275,1,300.0,5.0,2014.0,1,40.0,2014.0,"Jan,Apr,Jul,Oct",0.0,0.0,1.0
275,276,1,2960.0,10.0,2014.0,1,36.0,2013.0,"Mar,Jun,Sept,Dec",0.0,0.0,0.0
276,277,3,7840.0,9.0,2013.0,1,31.0,2009.0,"Feb,May,Aug,Nov",0.0,0.0,1.0
277,278,3,9260.0,2.0,2010.0,0,0.0,0.0,NotApplicable,0.0,0.0,0.0
278,279,3,2320.0,9.0,2013.0,1,40.0,2012.0,"Jan,Apr,Jul,Oct",0.0,0.0,1.0
279,280,3,18640.0,9.0,2013.0,1,10.0,2014.0,"Mar,Jun,Sept,Dec",0.0,0.0,1.0
280,281,3,6970.0,9.0,2011.0,0,0.0,0.0,NotApplicable,0.0,0.0,1.0
281,282,1,1220.0,12.0,2010.0,0,0.0,0.0,NotApplicable,0.0,0.0,0.0
282,283,1,2260.0,9.0,2013.0,1,40.0,2014.0,"Jan,Apr,Jul,Oct",0.0,0.0,0.0
283,284,1,1290.0,9.0,2013.0,1,40.0,2014.0,"Jan,Apr,Jul,Oct",0.0,0.0,1.0
284,285,1,2410.0,9.0,2013.0,0,0.0,0.0,NotApplicable,0.0,0.0,0.0
285,286,1,1460.0,4.0,2015.0,0,0.0,0.0,NotApplicable,0.0,0.0,0.0
286,287,1,2740.0,5.0,2009.0,1,40.0,2014.0,"Jan,Apr,Jul,Oct",0.0,1.0,0.0
287,288,1,800.0,9.0,2013.0,1,14.0,2011.0,"Mar,Jun,Sept,Dec",0.0,0.0,1.0
288,289,1,6540.0,12.0,2007.0,0,0.0,0.0,NotApplicable,0.0,0.0,1.0
289,290,1,4150.0,5.0,2001.0,0,0.0,0.0,NotApplicable,0.0,0.0,0.0
290,291,1,2325.0,9.0,2013.0,0,0.0,0.0,NotApplicable,0.0,0.0,1.0
291,292,1,1100.0,6.0,2009.0,0,0.0,0.0,NotApplicable,0.0,0.0,0.0
292,293,3,140.0,11.0,2007.0,0,0.0,0.0,NotApplicable,0.0,1.0,0.0
293,294,1,3150.0,5.0,2005.0,0,0.0,0.0,NotApplicable,0.0,0.0,0.0
294,295,1,210.0,11.0,2000.0,1,36.0,2013.0,"Mar,Jun,Sept,Dec",0.0,0.0,0.0
295,296,1,9580.0,5.0,2007.0,1,45.0,2014.0,"Feb,May,Aug,Nov",0.0,0.0,0.0
296,297,1,2300.0,9.0,2010.0,0,0.0,0.0,NotApplicable,0.0,0.0,0.0
297,298,1,19840.0,7.0,2009.0,0,0.0,0.0,NotApplicable,0.0,0.0,1.0
298,299,3,38630.0,9.0,2012.0,0,0.0,0.0,NotApplicable,0.0,0.0,1.0
299,300,3,120.0,4.0,2009.0,1,1.0,2012.0,"Jan,Apr,Jul,Oct",0.0,0.0,0.0
300,301,3,4510.0,3.0,2015.0,0,0.0,0.0,NotApplicable,0.0,0.0,0.0
301,302,3,2190.0,12.0,2007.0,1,9.0,2011.0,"Mar,Jun,Sept,Dec",0.0,0.0,1.0
302,303,1,15430.0,11.0,2012.0,1,18.0,2011.0,"Feb,May,Aug,Nov",0.0,0.0,0.0
303,304,1,1950.0,7.0,2015.0,0,0.0,0.0,NotApplicable,0.0,0.0,0.0
304,305,3,2470.0,2.0,2005.0,1,31.0,2013.0,"Mar,Jun,Sept,Dec",0.0,1.0,0.0
305,306,1,5100.0,4.0,2007.0,1,40.0,2014.0,"Jan,Apr,Jul,Oct",0.0,0.0,0.0
306,307,1,18660.0,9.0,2002.0,0,0.0,0.0,NotApplicable,0.0,0.0,0.0
307,308,1,1070.0,12.0,2006.0,1,13.0,2010.0,"Jan,Apr,Jul,Oct",0.0,0.0,0.0
308,309,1,8740.0,9.0,2013.0,1,37.0,2009.0,"Feb,May,Aug,Nov",0.0,0.0,1.0
309,310,3,2290.0,9.0,2013.0,1,10.0,2014.0,"Mar,Jun,Sept,Dec",0.0,0.0,0.0
310,311,3,680.0,7.0,2005.0,0,0.0,0.0,NotApplicable,0.0,0.0,0.0
311,312,1,11300.0,3.0,2012.0,0,0.0,0.0,NotApplicable,0.0,0.0,1.0
312,313,3,14160.0,9.0,2013.0,0,0.0,0.0,NotApplicable,0.0,0.0,1.0
313,314,1,3560.0,10.0,2001.0,1,31.0,2013.0,"Feb,May,Aug,Nov",0.0,0.0,0.0
314,315,3,38710.0,4.0,2013.0,0,0.0,0.0,NotApplicable,0.0,0.0,0.0
315,316,1,9000.0,8.0,2001.0,0,0.0,0.0,NotApplicable,0.0,0.0,1.0
316,317,1,3140.0,7.0,2013.0,1,14.0,2011.0,"Jan,Apr,Jul,Oct",0.0,0.0,1.0
317,318,3,32330.0,3.0,2014.0,0,0.0,0.0,NotApplicable,0.0,0.0,1.0
318,319,3,570.0,9.0,2012.0,1,27.0,2012.0,"Mar,Jun,Sept,Dec",0.0,0.0,0.0
319,320,3,210.0,9.0,2012.0,0,0.0,0.0,NotApplicable,0.0,0.0,0.0
320,321,3,8140.0,11.0,2013.0,1,10.0,2014.0,"Mar,Jun,Sept,Dec",0.0,1.0,0.0
321,322,1,17500.0,4.0,2001.0,1,37.0,2009.0,"Jan,Apr,Jul,Oct",0.0,0.0,0.0
322,323,3,8400.0,4.0,2012.0,1,5.0,2013.0,"Feb,May,Aug,Nov",0.0,0.0,1.0
323,324,1,13140.0,9.0,2013.0,1,14.0,2011.0,"Jan,Apr,Jul,Oct",0.0,0.0,0.0
324,325,3,350.0,3.0,2011.0,1,22.0,2011.0,"Feb,May,Aug,Nov",0.0,0.0,0.0
325,326,1,10070.0,5.0,2015.0,1,31.0,2013.0,"Feb,May,Aug,Nov",0.0,0.0,1.0
326,327,3,1390.0,12.0,2004.0,0,0.0,0.0,NotApplicable,0.0,1.0,0.0
327,328,1,3130.0,7.0,2002.0,0,0.0,0.0,NotApplicable,0.0,0.0,0.0
328,329,1,1310.0,6.0,1990.0,1,22.0,2012.0,"Mar,Jun,Sept,Dec",0.0,0.0,0.0
329,330,3,370.0,9.0,2013.0,1,22.0,2012.0,"Mar,Jun,Sept,Dec",0.0,0.0,0.0
330,331,3,670.0,9.0,2013.0,1,14.0,2015.0,"Jan,Apr,Jul,Oct",0.0,0.0,0.0
331,332,1,1840.0,3.0,2006.0,0,0.0,0.0,NotApplicable,0.0,0.0,0.0
332,333,3,3720.0,2.0,2010.0,0,0.0,0.0,NotApplicable,0.0,0.0,0.0
333,334,3,4040.0,8.0,2008.0,1,18.0,2013.0,"Mar,Jun,Sept,Dec",0.0,0.0,1.0
334,335,1,90.0,9.0,2013.0,1,31.0,2013.0,"Jan,Apr,Jul,Oct",1.0,0.0,0.0
335,336,1,190.0,7.0,2014.0,0,0.0,0.0,NotApplicable,0.0,0.0,0.0
336,337,3,10600.0,7.0,2005.0,1,45.0,2014.0,"Feb,May,Aug,Nov",0.0,0.0,1.0
337,338,3,1590.0,9.0,2013.0,1,37.0,2009.0,"Jan,Apr,Jul,Oct",0.0,0.0,0.0
338,339,3,2280.0,9.0,2013.0,1,10.0,2013.0,"Mar,Jun,Sept,Dec",0.0,0.0,0.0
339,340,3,8080.0,9.0,2013.0,0,0.0,0.0,NotApplicable,0.0,0.0,0.0
340,341,1,190.0,9.0,2011.0,0,0.0,0.0,NotApplicable,0.0,0.0,0.0
341,342,3,15770.0,9.0,2013.0,1,40.0,2014.0,"Jan,Apr,Jul,Oct",0.0,0.0,1.0
342,343,1,18650.0,4.0,2004.0,1,14.0,2014.0,"Jan,Apr,Jul,Oct",0.0,0.0,1.0
343,344,3,300.0,4.0,2011.0,1,14.0,2011.0,"Jan,Apr,Jul,Oct",0.0,0.0,0.0
344,345,1,120.0,9.0,2013.0,1,22.0,2012.0,"Jan,Apr,Jul,Oct",0.0,0.0,0.0
345,346,3,8090.0,9.0,2013.0,0,0.0,0.0,NotApplicable,0.0,0.0,0.0
346,347,3,9360.0,7.0,2013.0,1,22.0,2012.0,"Mar,Jun,Sept,Dec",0.0,0.0,1.0
347,348,1,16490.0,9.0,2013.0,1,22.0,2012.0,"Jan,Apr,Jul,Oct",0.0,0.0,0.0
348,349,3,1490.0,4.0,2009.0,0,0.0,0.0,NotApplicable,0.0,1.0,0.0
349,350,1,8880.0,9.0,2013.0,1,14.0,2011.0,"Jan,Apr,Jul,Oct",0.0,0.0,1.0
350,351,1,5290.0,11.0,2012.0,1,5.0,2013.0,"Feb,May,Aug,Nov",0.0,0.0,0.0
351,352,3,6360.0,9.0,2013.0,1,40.0,2012.0,"Mar,Jun,Sept,Dec",0.0,0.0,1.0
352,353,2,900.0,9.0,2013.0,1,14.0,2013.0,"Feb,May,Aug,Nov",1.0,0.0,0.0
353,354,3,1500.0,10.0,2005.0,0,0.0,0.0,NotApplicable,0.0,0.0,1.0
354,355,3,9720.0,8.0,2013.0,0,0.0,0.0,NotApplicable,0.0,0.0,0.0
355,356,3,8970.0,12.0,2007.0,1,22.0,2012.0,"Feb,May,Aug,Nov",0.0,0.0,1.0
356,357,1,2060.0,10.0,2008.0,0,0.0,0.0,NotApplicable,0.0,0.0,0.0
357,358,1,2890.0,10.0,2003.0,0,0.0,0.0,NotApplicable,0.0,0.0,0.0
358,359,3,4370.0,9.0,2013.0,0,0.0,0.0,NotApplicable,0.0,0.0,1.0
359,360,1,2040.0,6.0,2007.0,0,0.0,0.0,NotApplicable,0.0,0.0,0.0
360,361,3,4490.0,5.0,2014.0,1,5.0,2013.0,"Feb,May,Aug,Nov",0.0,1.0,0.0
361,362,3,340.0,9.0,2013.0,0,0.0,0.0,NotApplicable,0.0,1.0,0.0
362,363,1,250.0,9.0,2009.0,0,0.0,0.0,NotApplicable,0.0,0.0,0.0
363,364,3,13620.0,9.0,2013.0,1,10.0,2014.0,"Mar,Jun,Sept,Dec",0.0,0.0,0.0
364,365,1,2410.0,9.0,2013.0,1,45.0,2009.0,"Feb,May,Aug,Nov",0.0,1.0,0.0
365,366,3,6470.0,12.0,2004.0,0,0.0,0.0,NotApplicable,0.0,0.0,1.0
366,367,3,2640.0,9.0,2012.0,0,0.0,0.0,NotApplicable,0.0,0.0,1.0
367,368,3,1450.0,4.0,2005.0,1,45.0,2009.0,"Feb,May,Aug,Nov",0.0,0.0,1.0
368,369,3,5870.0,4.0,2014.0,0,0.0,0.0,NotApplicable,0.0,0.0,1.0
369,370,1,8250.0,10.0,2000.0,1,31.0,2009.0,"Jan,Apr,Jul,Oct",0.0,0.0,1.0
370,371,3,1970.0,7.0,2009.0,1,45.0,2014.0,"Feb,May,Aug,Nov",0.0,0.0,1.0
371,372,3,4880.0,8.0,2010.0,1,18.0,2014.0,"Jan,Apr,Jul,Oct",0.0,0.0,1.0
372,373,3,11120.0,9.0,2013.0,1,22.0,2012.0,"Jan,Apr,Jul,Oct",0.0,0.0,1.0
373,374,1,1150.0,9.0,2007.0,0,0.0,0.0,NotApplicable,0.0,0.0,0.0
374,375,3,15710.0,2.0,2013.0,1,37.0,2009.0,"Jan,Apr,Jul,Oct",0.0,0.0,0.0
375,376,1,160.0,8.0,2012.0,0,0.0,0.0,NotApplicable,0.0,0.0,0.0
376,377,3,100.0,6.0,2010.0,1,18.0,2010.0,"Feb,May,Aug,Nov",0.0,0.0,0.0
377,378,3,2140.0,8.0,2012.0,0,0.0,0.0,NotApplicable,0.0,0.0,0.0
378,379,1,6630.0,9.0,2013.0,0,0.0,0.0,NotApplicable,0.0,0.0,1.0
379,380,1,2240.0,5.0,2013.0,1,10.0,2014.0,"Mar,Jun,Sept,Dec",0.0,0.0,0.0
380,381,1,1800.0,11.0,2006.0,1,5.0,2013.0,"Feb,May,Aug,Nov",0.0,0.0,0.0
381,382,3,26130.0,11.0,2002.0,0,0.0,0.0,NotApplicable,0.0,1.0,0.0
382,383,3,350.0,9.0,2013.0,0,0.0,0.0,NotApplicable,0.0,0.0,0.0
383,384,3,130.0,9.0,2013.0,1,14.0,2011.0,"Jan,Apr,Jul,Oct",0.0,0.0,0.0
384,385,1,4580.0,9.0,2007.0,0,0.0,0.0,NotApplicable,0.0,0.0,1.0
385,386,3,1460.0,4.0,2014.0,1,31.0,2013.0,"Jan,Apr,Jul,Oct",0.0,0.0,1.0
386,387,1,210.0,9.0,2013.0,1,36.0,2013.0,"Mar,Jun,Sept,Dec",0.0,1.0,0.0
387,388,1,2260.0,9.0,2013.0,0,0.0,0.0,NotApplicable,0.0,0.0,0.0
388,389,3,6690.0,8.0,2011.0,0,0.0,0.0,NotApplicable,0.0,0.0,0.0
389,390,3,1600.0,4.0,2009.0,0,0.0,0.0,NotApplicable,0.0,0.0,0.0
390,391,1,460.0,11.0,2014.0,1,31.0,2013.0,"Feb,May,Aug,Nov",0.0,0.0,0.0
391,392,1,2120.0,9.0,2013.0,0,0.0,0.0,NotApplicable,0.0,0.0,0.0
392,393,3,4820.0,3.0,2008.0,0,0.0,0.0,NotApplicable,0.0,0.0,1.0
393,394,1,10850.0,9.0,2013.0,0,0.0,0.0,NotApplicable,0.0,0.0,1.0
394,395,1,3620.0,2.0,2013.0,0,0.0,0.0,NotApplicable,0.0,0.0,0.0
395,396,3,23130.0,9.0,2013.0,0,0.0,0.0,NotApplicable,0.0,0.0,0.0
396,397,3,130.0,9.0,2013.0,1,27.0,2013.0,"Feb,May,Aug,Nov",0.0,0.0,0.0
397,398,3,1540.0,9.0,2013.0,1,1.0,2012.0,"Jan,Apr,Jul,Oct",0.0,1.0,0.0
398,399,1,5360.0,9.0,2012.0,1,40.0,2011.0,"Jan,Apr,Jul,Oct",0.0,0.0,0.0
399,400,1,70.0,11.0,2004.0,1,14.0,2011.0,"Jan,Apr,Jul,Oct",0.0,0.0,0.0
400,401,3,9200.0,10.0,2009.0,1,14.0,2012.0,"Jan,Apr,Jul,Oct",0.0,0.0,0.0
401,402,3,5830.0,9.0,2011.0,1,13.0,2010.0,"Jan,Apr,Jul,Oct",0.0,1.0,0.0
402,403,1,4970.0,7.0,2015.0,0,0.0,0.0,NotApplicable,0.0,0.0,0.0
403,404,3,1420.0,9.0,2013.0,1,10.0,2013.0,"Mar,Jun,Sept,Dec",0.0,0.0,0.0
404,405,1,1080.0,4.0,2008.0,1,14.0,2011.0,"Jan,Apr,Jul,Oct",0.0,0.0,0.0
405,406,3,8240.0,3.0,2001.0,1,10.0,2013.0,"Feb,May,Aug,Nov",0.0,0.0,1.0
406,407,1,5890.0,10.0,2003.0,1,14.0,2011.0,"Feb,May,Aug,Nov",0.0,0.0,0.0
407,408,1,1560.0,9.0,2013.0,1,45.0,2009.0,"Feb,May,Aug,Nov",0.0,1.0,0.0
408,409,3,840.0,9.0,2013.0,1,1.0,2013.0,"Jan,Apr,Jul,Oct",0.0,0.0,1.0
409,410,1,40.0,11.0,2011.0,1,22.0,2012.0,"Mar,Jun,Sept,Dec",0.0,1.0,0.0
410,411,3,8460.0,9.0,2013.0,0,0.0,0.0,NotApplicable,0.0,0.0,1.0
411,412,3,4460.0,9.0,2013.0,1,39.0,2010.0,"Jan,Apr,Jul,Oct",0.0,0.0,1.0
412,413,3,760.0,9.0,2014.0,0,0.0,0.0,NotApplicable,0.0,0.0,0.0
413,414,3,6210.0,9.0,2013.0,1,1.0,2013.0,"Jan,Apr,Jul,Oct",0.0,0.0,1.0
414,415,3,6910.0,4.0,2005.0,0,0.0,0.0,NotApplicable,0.0,0.0,1.0
415,416,3,4650.0,6.0,2014.0,0,0.0,0.0,NotApplicable,0.0,0.0,0.0
416,417,3,840.0,9.0,2013.0,1,10.0,2014.0,"Jan,Apr,Jul,Oct",0.0,0.0,0.0
417,418,1,1060.0,5.0,2009.0,1,27.0,2011.0,"Feb,May,Aug,Nov",0.0,0.0,0.0
418,419,1,1620.0,9.0,2009.0,0,0.0,0.0,NotApplicable,0.0,1.0,0.0
419,420,3,250.0,9.0,2013.0,1,27.0,2012.0,"Jan,Apr,Jul,Oct",0.0,0.0,1.0
420,421,3,3530.0,6.0,2012.0,1,35.0,2012.0,"Mar,Jun,Sept,Dec",0.0,1.0,0.0
421,422,3,2880.0,9.0,2013.0,0,0.0,0.0,NotApplicable,0.0,0.0,0.0
422,423,1,1270.0,5.0,2014.0,0,0.0,0.0,NotApplicable,1.0,0.0,0.0
423,424,3,1250.0,9.0,2013.0,1,40.0,2011.0,"Jan,Apr,Jul,Oct",0.0,0.0,1.0
424,425,3,1460.0,9.0,2013.0,0,0.0,0.0,NotApplicable,0.0,0.0,1.0
425,426,1,250.0,9.0,2013.0,0,0.0,0.0,NotApplicable,0.0,0.0,0.0
426,427,3,70.0,7.0,2005.0,1,13.0,2010.0,"Jan,Apr,Jul,Oct",0.0,0.0,0.0
427,428,1,2960.0,12.0,2014.0,1,23.0,2015.0,"Mar,Jun,Sept,Dec",0.0,0.0,1.0
428,429,3,16350.0,7.0,2005.0,1,31.0,2013.0,"Jan,Apr,Jul,Oct",0.0,0.0,1.0
429,430,3,12870.0,10.0,2008.0,0,0.0,0.0,NotApplicable,0.0,0.0,1.0
430,431,3,4520.0,9.0,2013.0,0,0.0,0.0,NotApplicable,0.0,0.0,1.0
431,432,1,810.0,5.0,2013.0,0,0.0,0.0,NotApplicable,0.0,0.0,0.0
432,433,3,30030.0,11.0,2010.0,0,0.0,0.0,NotApplicable,0.0,0.0,0.0
433,434,1,13020.0,8.0,2003.0,1,40.0,2014.0,"Jan,Apr,Jul,Oct",0.0,0.0,0.0
434,435,1,910.0,9.0,2013.0,0,0.0,0.0,NotApplicable,0.0,0.0,0.0
435,436,1,2300.0,9.0,2013.0,0,0.0,0.0,NotApplicable,0.0,0.0,1.0
436,437,3,430.0,9.0,2013.0,1,50.0,2010.0,"Jan,Apr,Jul,Oct",0.0,1.0,0.0
437,438,3,1110.0,9.0,2013.0,1,40.0,2012.0,"Jan,Apr,Jul,Oct",0.0,0.0,1.0
438,439,1,1350.0,9.0,2009.0,0,0.0,0.0,NotApplicable,0.0,0.0,0.0
439,440,1,3900.0,4.0,2005.0,1,45.0,2009.0,"Feb,May,Aug,Nov",0.0,0.0,1.0
440,441,1,2530.0,9.0,2013.0,0,0.0,0.0,NotApplicable,0.0,0.0,1.0
441,442,1,500.0,9.0,2013.0,1,45.0,2009.0,"Feb,May,Aug,Nov",0.0,1.0,0.0
442,443,1,11400.0,12.0,2005.0,0,0.0,0.0,NotApplicable,0.0,0.0,1.0
443,444,1,1700.0,11.0,2009.0,0,0.0,0.0,NotApplicable,0.0,1.0,0.0
444,445,1,240.0,9.0,2013.0,0,0.0,0.0,NotApplicable,0.0,0.0,0.0
445,446,1,340.0,10.0,2000.0,1,31.0,2013.0,"Feb,May,Aug,Nov",0.0,0.0,0.0
446,447,3,1510.0,9.0,2013.0,0,0.0,0.0,NotApplicable,0.0,0.0,0.0
447,448,3,3970.0,9.0,2009.0,0,0.0,0.0,NotApplicable,0.0,0.0,0.0
448,449,3,120.0,12.0,2014.0,1,37.0,2009.0,"Jan,Apr,Jul,Oct",0.0,0.0,0.0
449,450,1,5780.0,11.0,1994.0,1,10.0,2014.0,"Mar,Jun,Sept,Dec",0.0,1.0,0.0
450,451,1,2460.0,4.0,2009.0,1,13.0,2010.0,"Jan,Apr,Jul,Oct",0.0,0.0,0.0
451,452,3,1850.0,8.0,2013.0,1,5.0,2011.0,"Feb,May,Aug,Nov",0.0,0.0,0.0
452,453,3,75860.0,9.0,2013.0,0,0.0,0.0,NotApplicable,0.0,0.0,0.0
453,454,1,26450.0,9.0,2013.0,0,0.0,0.0,NotApplicable,0.0,0.0,0.0
454,455,3,7660.0,9.0,2010.0,0,0.0,0.0,NotApplicable,0.0,0.0,1.0
455,456,3,140.0,9.0,2013.0,0,0.0,0.0,NotApplicable,0.0,0.0,0.0
456,457,3,13140.0,9.0,2013.0,1,31.0,2013.0,"Jan,Apr,Jul,Oct",0.0,0.0,1.0
457,458,1,3390.0,9.0,2013.0,0,0.0,0.0,NotApplicable,0.0,1.0,0.0
458,459,1,250.0,9.0,2008.0,1,5.0,2013.0,"Feb,May,Aug,Nov",0.0,0.0,0.0
459,460,1,34050.0,4.0,2008.0,0,0.0,0.0,NotApplicable,0.0,0.0,0.0
460,461,3,1790.0,7.0,2013.0,1,40.0,2013.0,"Jan,Apr,Jul,Oct",0.0,0.0,1.0
461,462,1,44320.0,8.0,2008.0,0,0.0,0.0,NotApplicable,0.0,0.0,0.0
462,463,1,4160.0,9.0,2013.0,0,0.0,0.0,NotApplicable,0.0,0.0,0.0
463,464,1,520.0,3.0,2009.0,0,0.0,0.0,NotApplicable,0.0,1.0,0.0
464,465,3,10890.0,4.0,2005.0,0,0.0,0.0,NotApplicable,0.0,0.0,1.0
465,466,3,3110.0,3.0,2003.0,0,0.0,0.0,NotApplicable,0.0,0.0,0.0
466,467,3,20390.0,4.0,2008.0,0,0.0,0.0,NotApplicable,0.0,0.0,0.0
467,468,3,5260.0,9.0,2012.0,0,0.0,0.0,NotApplicable,0.0,1.0,0.0
468,469,3,710.0,9.0,2005.0,0,0.0,0.0,NotApplicable,0.0,1.0,0.0
469,470,3,50.0,9.0,2013.0,0,0.0,0.0,NotApplicable,0.0,0.0,0.0
470,471,1,5300.0,9.0,2013.0,1,45.0,2009.0,"Feb,May,Aug,Nov",0.0,0.0,1.0
471,472,3,5030.0,8.0,2011.0,0,0.0,0.0,NotApplicable,0.0,1.0,0.0
472,473,1,50.0,9.0,2013.0,0,0.0,0.0,NotApplicable,0.0,0.0,0.0
473,474,1,14810.0,9.0,2013.0,1,14.0,2011.0,"Mar,Jun,Sept,Dec",0.0,1.0,0.0
474,475,1,140.0,9.0,2005.0,0,0.0,0.0,NotApplicable,0.0,0.0,0.0
475,476,1,8300.0,9.0,2006.0,0,0.0,0.0,NotApplicable,0.0,0.0,1.0
476,477,1,770.0,7.0,2010.0,1,35.0,2010.0,"Jan,Apr,Jul,Oct",0.0,0.0,1.0
477,478,3,1940.0,3.0,2012.0,0,0.0,0.0,NotApplicable,0.0,0.0,1.0
478,479,1,320.0,12.0,2005.0,1,9.0,2011.0,"Feb,May,Aug,Nov",0.0,0.0,0.0
479,480,1,300.0,11.0,2012.0,0,0.0,0.0,NotApplicable,0.0,0.0,0.0
480,481,3,7470.0,9.0,2013.0,1,44.0,2012.0,"Feb,May,Aug,Nov",0.0,1.0,0.0
481,482,1,2550.0,10.0,2005.0,0,0.0,0.0,NotApplicable,0.0,1.0,0.0
482,483,3,2310.0,9.0,2011.0,1,13.0,2010.0,"Jan,Apr,Jul,Oct",0.0,0.0,0.0
483,484,3,14300.0,3.0,2011.0,0,0.0,0.0,NotApplicable,0.0,0.0,0.0
484,485,3,3270.0,9.0,2013.0,1,22.0,2012.0,"Jan,Apr,Jul,Oct",0.0,0.0,1.0
485,486,1,2320.0,9.0,2013.0,1,31.0,2013.0,"Jan,Apr,Jul,Oct",0.0,0.0,0.0
486,487,3,2180.0,9.0,2012.0,1,40.0,2012.0,"Jan,Apr,Jul,Oct",0.0,0.0,1.0
487,488,3,2890.0,4.0,2014.0,0,0.0,0.0,NotApplicable,0.0,0.0,0.0
488,489,1,14960.0,11.0,2013.0,1,37.0,2009.0,"Jan,Apr,Jul,Oct",0.0,0.0,0.0
489,490,1,660.0,4.0,2013.0,1,40.0,2014.0,"Jan,Apr,Jul,Oct",0.0,0.0,0.0
490,491,3,4680.0,9.0,2013.0,1,22.0,2012.0,"Mar,Jun,Sept,Dec",0.0,0.0,1.0
491,492,1,1740.0,3.0,2008.0,1,40.0,2012.0,"Jan,Apr,Jul,Oct",0.0,0.0,0.0
492,493,3,1150.0,9.0,2013.0,1,14.0,2011.0,"Jan,Apr,Jul,Oct",0.0,0.0,1.0
493,494,1,1260.0,6.0,2011.0,0,0.0,0.0,NotApplicable,1.0,0.0,0.0
494,495,1,5470.0,9.0,2013.0,1,37.0,2009.0,"Jan,Apr,Jul,Oct",0.0,0.0,1.0
495,496,3,2780.0,6.0,2015.0,0,0.0,0.0,NotApplicable,0.0,0.0,1.0
496,497,3,1610.0,9.0,2013.0,0,0.0,0.0,NotApplicable,0.0,0.0,0.0
497,498,1,990.0,9.0,2013.0,1,40.0,2014.0,"Jan,Apr,Jul,Oct",0.0,0.0,0.0
498,499,3,450.0,9.0,2013.0,1,5.0,2013.0,"Feb,May,Aug,Nov",0.0,1.0,0.0
499,500,3,10690.0,9.0,2007.0,1,5.0,2013.0,"Jan,Apr,Jul,Oct",0.0,0.0,1.0
500,501,3,1620.0,9.0,2006.0,0,0.0,0.0,NotApplicable,0.0,0.0,0.0
501,502,1,220.0,2.0,2002.0,1,37.0,2009.0,"Jan,Apr,Jul,Oct",0.0,0.0,0.0
502,503,3,13080.0,9.0,2006.0,1,14.0,2011.0,"Jan,Apr,Jul,Oct",0.0,0.0,1.0
503,504,3,820.0,9.0,2013.0,0,0.0,0.0,NotApplicable,0.0,1.0,0.0
504,505,1,350.0,9.0,2013.0,1,5.0,2013.0,"Feb,May,Aug,Nov",0.0,0.0,0.0
505,506,1,1850.0,12.0,2014.0,1,18.0,2011.0,"Feb,May,Aug,Nov",0.0,0.0,0.0
506,507,3,9070.0,4.0,2011.0,1,37.0,2009.0,"Jan,Apr,Jul,Oct",0.0,0.0,0.0
507,508,3,1280.0,9.0,2013.0,1,40.0,2011.0,"Jan,Apr,Jul,Oct",0.0,0.0,0.0
508,509,1,4740.0,7.0,2008.0,1,37.0,2009.0,"Jan,Apr,Jul,Oct",0.0,0.0,0.0
509,510,3,8260.0,9.0,2013.0,0,0.0,0.0,NotApplicable,0.0,0.0,0.0
510,511,1,2060.0,9.0,2009.0,0,0.0,0.0,NotApplicable,0.0,0.0,0.0
511,512,2,590.0,9.0,2013.0,1,5.0,2013.0,"Mar,Jun,Sept,Dec",1.0,0.0,0.0
512,513,1,400.0,8.0,2013.0,0,0.0,0.0,NotApplicable,0.0,0.0,0.0
513,514,3,1200.0,7.0,2012.0,1,27.0,2012.0,"Jan,Apr,Jul,Oct",0.0,1.0,0.0
514,515,3,11260.0,9.0,2013.0,1,9.0,2011.0,"Feb,May,Aug,Nov",0.0,0.0,1.0
515,516,3,20.0,9.0,2013.0,1,35.0,2010.0,"Mar,Jun,Sept,Dec",0.0,0.0,0.0
516,517,3,22490.0,9.0,2013.0,0,0.0,0.0,NotApplicable,0.0,0.0,0.0
517,518,3,3330.0,3.0,2015.0,1,13.0,2010.0,"Jan,Apr,Jul,Oct",0.0,0.0,1.0
518,519,3,2510.0,8.0,2009.0,1,1.0,2012.0,"Jan,Apr,Jul,Oct",0.0,1.0,0.0
519,520,3,6900.0,9.0,2013.0,1,40.0,2012.0,"Mar,Jun,Sept,Dec",0.0,0.0,0.0
520,521,1,18610.0,11.0,2002.0,1,48.0,2011.0,"Mar,Jun,Sept,Dec",0.0,0.0,1.0
521,522,3,7160.0,11.0,2012.0,1,9.0,2011.0,"Jan,Apr,Jul,Oct",0.0,0.0,1.0
522,523,3,50.0,11.0,2013.0,0,0.0,0.0,NotApplicable,0.0,1.0,0.0
523,524,3,40860.0,9.0,2013.0,0,0.0,0.0,NotApplicable,0.0,0.0,0.0
524,525,3,1870.0,9.0,2013.0,0,0.0,0.0,NotApplicable,0.0,0.0,1.0
525,526,1,120.0,9.0,2013.0,1,48.0,2011.0,"Mar,Jun,Sept,Dec",0.0,0.0,0.0
526,527,3,5830.0,4.0,2008.0,0,0.0,0.0,NotApplicable,0.0,0.0,1.0
527,528,3,20620.0,9.0,2013.0,1,37.0,2009.0,"Jan,Apr,Jul,Oct",0.0,0.0,0.0
528,529,3,12920.0,9.0,2012.0,0,0.0,0.0,NotApplicable,0.0,0.0,1.0
529,530,3,18160.0,9.0,2013.0,0,0.0,0.0,NotApplicable,0.0,0.0,0.0
530,531,3,4030.0,9.0,2013.0,0,0.0,0.0,NotApplicable,0.0,0.0,0.0
531,532,3,1070.0,8.0,2010.0,0,0.0,0.0,NotApplicable,0.0,0.0,0.0
532,533,3,5950.0,9.0,2013.0,0,0.0,0.0,NotApplicable,0.0,0.0,0.0
533,534,1,1200.0,9.0,2009.0,1,45.0,2009.0,"Jan,Apr,Jul,Oct",0.0,0.0,1.0
534,535,1,3570.0,4.0,2007.0,0,0.0,0.0,NotApplicable,0.0,0.0,0.0
535,536,3,4700.0,9.0,2002.0,1,31.0,2013.0,"Feb,May,Aug,Nov",0.0,0.0,0.0
536,537,1,600.0,5.0,2002.0,1,1.0,2012.0,"Jan,Apr,Jul,Oct",0.0,0.0,0.0
537,538,1,990.0,2.0,2010.0,0,0.0,0.0,NotApplicable,0.0,0.0,0.0
538,539,1,770.0,5.0,2013.0,1,40.0,2014.0,"Jan,Apr,Jul,Oct",0.0,0.0,0.0
539,540,3,810.0,9.0,2013.0,1,48.0,2012.0,"Jan,Apr,Jul,Oct",0.0,0.0,1.0
540,541,3,650.0,7.0,1990.0,0,0.0,0.0,NotApplicable,0.0,0.0,0.0
541,542,1,7280.0,9.0,2012.0,1,1.0,2013.0,"Jan,Apr,Jul,Oct",0.0,0.0,0.0
542,543,1,1080.0,12.0,2012.0,0,0.0,0.0,NotApplicable,0.0,1.0,0.0
543,544,1,250.0,12.0,2001.0,1,13.0,2010.0,"Jan,Apr,Jul,Oct",0.0,0.0,0.0
544,545,3,5020.0,5.0,2006.0,1,18.0,2014.0,"Feb,May,Aug,Nov",0.0,0.0,0.0
545,546,1,580.0,1.0,2005.0,0,0.0,0.0,NotApplicable,0.0,0.0,0.0
546,547,3,8990.0,11.0,2009.0,1,35.0,2010.0,"Mar,Jun,Sept,Dec",0.0,0.0,1.0
547,548,3,3760.0,2.0,2009.0,0,0.0,0.0,NotApplicable,0.0,0.0,1.0
548,549,3,2330.0,9.0,2013.0,0,0.0,0.0,NotApplicable,0.0,0.0,0.0
549,550,3,50.0,6.0,2015.0,0,0.0,0.0,NotApplicable,0.0,0.0,1.0
550,551,3,2190.0,9.0,2013.0,0,0.0,0.0,NotApplicable,0.0,0.0,0.0
551,552,1,4260.0,7.0,2008.0,1,37.0,2009.0,"Jan,Apr,Jul,Oct",0.0,0.0,0.0
552,553,1,3040.0,9.0,2002.0,1,13.0,2010.0,"Jan,Apr,Jul,Oct",0.0,1.0,0.0
553,554,3,1200.0,9.0,2013.0,0,0.0,0.0,NotApplicable,0.0,1.0,0.0
554,555,1,1560.0,1.0,2014.0,1,10.0,2013.0,"Mar,Jun,Sept,Dec",0.0,0.0,1.0
555,556,3,1140.0,11.0,2014.0,0,0.0,0.0,NotApplicable,0.0,0.0,1.0
556,557,1,250.0,9.0,2013.0,0,0.0,0.0,NotApplicable,0.0,0.0,0.0
557,558,1,3000.0,2.0,2010.0,0,0.0,0.0,NotApplicable,0.0,0.0,0.0
558,559,1,3910.0,11.0,2006.0,1,5.0,2013.0,"Feb,May,Aug,Nov",0.0,0.0,1.0
559,560,3,1910.0,7.0,2013.0,0,0.0,0.0,NotApplicable,0.0,1.0,0.0
560,561,1,14300.0,9.0,2013.0,0,0.0,0.0,NotApplicable,0.0,0.0,1.0
561,562,3,1210.0,9.0,2013.0,0,0.0,0.0,NotApplicable,1.0,0.0,0.0
562,563,1,700.0,3.0,2015.0,1,10.0,2014.0,"Jan,Apr,Jul,Oct",0.0,0.0,0.0
563,564,3,6540.0,9.0,2013.0,1,14.0,2013.0,"Jan,Apr,Jul,Oct",0.0,0.0,1.0
564,565,3,160.0,7.0,2007.0,0,0.0,0.0,NotApplicable,0.0,0.0,0.0
565,566,1,3620.0,9.0,2013.0,1,40.0,2013.0,"Jan,Apr,Jul,Oct",0.0,0.0,0.0
566,567,1,1010.0,9.0,2012.0,1,18.0,2011.0,"Feb,May,Aug,Nov",0.0,1.0,0.0
567,568,3,4270.0,9.0,2013.0,1,1.0,2013.0,"Jan,Apr,Jul,Oct",0.0,0.0,1.0
568,569,1,1340.0,9.0,2006.0,0,0.0,0.0,NotApplicable,0.0,0.0,0.0
569,570,1,180.0,11.0,2006.0,0,0.0,0.0,NotApplicable,0.0,0.0,0.0
570,571,1,2110.0,11.0,1995.0,1,40.0,2014.0,"Jan,Apr,Jul,Oct",0.0,0.0,1.0
571,572,3,9230.0,4.0,2004.0,1,37.0,2009.0,"Jan,Apr,Jul,Oct",0.0,0.0,1.0
572,573,1,1190.0,11.0,2012.0,1,36.0,2013.0,"Jan,Apr,Jul,Oct",0.0,0.0,0.0
573,574,1,4400.0,9.0,2013.0,0,0.0,0.0,NotApplicable,0.0,0.0,1.0
574,575,1,960.0,5.0,2008.0,1,13.0,2010.0,"Jan,Apr,Jul,Oct",0.0,0.0,0.0
575,576,1,50.0,11.0,2006.0,0,0.0,0.0,NotApplicable,0.0,1.0,0.0
576,577,3,2270.0,9.0,2013.0,1,35.0,2012.0,"Mar,Jun,Sept,Dec",0.0,0.0,0.0
577,578,1,12700.0,4.0,2013.0,0,0.0,0.0,NotApplicable,0.0,0.0,1.0
578,579,1,20970.0,11.0,2012.0,0,0.0,0.0,NotApplicable,0.0,1.0,0.0
579,580,3,170.0,2.0,2009.0,0,0.0,0.0,NotApplicable,0.0,0.0,0.0
580,581,1,7250.0,12.0,2013.0,0,0.0,0.0,NotApplicable,0.0,0.0,0.0
581,582,1,120.0,9.0,2013.0,0,0.0,0.0,NotApplicable,0.0,0.0,0.0
582,583,1,2640.0,11.0,2002.0,0,0.0,0.0,NotApplicable,0.0,0.0,0.0
583,584,1,1360.0,9.0,2013.0,1,35.0,2010.0,"Mar,Jun,Sept,Dec",0.0,0.0,1.0
584,585,3,440.0,4.0,2014.0,0,0.0,0.0,NotApplicable,0.0,0.0,1.0
585,586,3,250.0,10.0,2008.0,0,0.0,0.0,NotApplicable,0.0,0.0,0.0
586,587,3,330.0,9.0,2006.0,1,14.0,2011.0,"Jan,Apr,Jul,Oct",0.0,0.0,1.0
587,588,3,15720.0,3.0,2010.0,0,0.0,0.0,NotApplicable,0.0,0.0,1.0
588,589,3,360.0,9.0,2013.0,1,18.0,2013.0,"Feb,May,Aug,Nov",0.0,0.0,0.0
589,590,3,4520.0,9.0,2010.0,1,31.0,2013.0,"Jan,Apr,Jul,Oct",0.0,0.0,1.0
590,591,3,3340.0,9.0,2013.0,1,22.0,2012.0,"Mar,Jun,Sept,Dec",0.0,0.0,0.0
591,592,1,2540.0,6.0,2005.0,0,0.0,0.0,NotApplicable,0.0,0.0,0.0
592,593,3,33060.0,3.0,2010.0,0,0.0,0.0,NotApplicable,0.0,0.0,0.0
593,594,1,1790.0,10.0,2011.0,0,0.0,0.0,NotApplicable,0.0,0.0,0.0
594,595,3,1130.0,6.0,2015.0,0,0.0,0.0,NotApplicable,0.0,1.0,0.0
595,596,1,290.0,9.0,2006.0,0,0.0,0.0,NotApplicable,0.0,1.0,0.0
596,597,1,150.0,9.0,2008.0,1,1.0,2012.0,"Mar,Jun,Sept,Dec",0.0,0.0,0.0
597,598,1,550.0,12.0,2013.0,1,40.0,2014.0,"Jan,Apr,Jul,Oct",0.0,1.0,0.0
598,599,3,580.0,11.0,2014.0,0,0.0,0.0,NotApplicable,0.0,0.0,1.0
599,600,3,17340.0,6.0,2010.0,1,9.0,2011.0,"Feb,May,Aug,Nov",0.0,0.0,1.0
600,601,1,8220.0,4.0,2014.0,1,14.0,2011.0,"Jan,Apr,Jul,Oct",0.0,0.0,1.0
601,602,1,2710.0,7.0,2001.0,1,22.0,2012.0,"Mar,Jun,Sept,Dec",0.0,0.0,0.0
602,603,1,340.0,4.0,2007.0,1,13.0,2010.0,"Jan,Apr,Jul,Oct",0.0,0.0,0.0
603,604,1,10950.0,3.0,2014.0,0,0.0,0.0,NotApplicable,0.0,0.0,1.0
604,605,1,10310.0,4.0,2003.0,1,37.0,2009.0,"Jan,Apr,Jul,Oct",0.0,0.0,1.0
605,606,1,2260.0,11.0,2007.0,0,0.0,0.0,NotApplicable,0.0,0.0,0.0
606,607,1,350.0,8.0,1999.0,1,14.0,2011.0,"Jan,Apr,Jul,Oct",0.0,0.0,0.0
607,608,3,18370.0,2.0,2013.0,1,14.0,2011.0,"Jan,Apr,Jul,Oct",0.0,0.0,0.0
608,609,1,2070.0,9.0,2007.0,0,0.0,0.0,NotApplicable,0.0,0.0,0.0
609,610,1,660.0,1.0,2007.0,0,0.0,0.0,NotApplicable,0.0,0.0,0.0
610,611,1,8080.0,12.0,2002.0,1,40.0,2014.0,"Jan,Apr,Jul,Oct",0.0,0.0,0.0
611,612,3,2490.0,11.0,2012.0,1,31.0,2009.0,"Jan,Apr,Jul,Oct",0.0,0.0,1.0
612,613,1,250.0,6.0,2007.0,1,14.0,2011.0,"Jan,Apr,Jul,Oct",0.0,1.0,0.0
613,614,1,1160.0,12.0,2012.0,0,0.0,0.0,NotApplicable,0.0,0.0,0.0
614,615,1,730.0,8.0,2007.0,0,0.0,0.0,NotApplicable,0.0,0.0,1.0
615,616,3,3040.0,8.0,2011.0,1,35.0,2010.0,"Mar,Jun,Sept,Dec",0.0,0.0,0.0
616,617,3,8940.0,9.0,2013.0,1,9.0,2011.0,"Jan,Apr,Jul,Oct",0.0,0.0,0.0
617,618,3,9910.0,9.0,2013.0,0,0.0,0.0,NotApplicable,0.0,0.0,1.0
618,619,1,1600.0,6.0,2006.0,1,45.0,2009.0,"Feb,May,Aug,Nov",0.0,0.0,0.0
619,620,3,5440.0,9.0,2013.0,1,40.0,2014.0,"Jan,Apr,Jul,Oct",0.0,0.0,1.0
620,621,1,30.0,7.0,2002.0,0,0.0,0.0,NotApplicable,0.0,0.0,0.0
621,622,3,2325.0,9.0,2013.0,0,0.0,0.0,NotApplicable,0.0,0.0,0.0
622,623,1,4080.0,3.0,2011.0,1,13.0,2010.0,"Jan,Apr,Jul,Oct",0.0,0.0,0.0
623,624,3,6920.0,9.0,2011.0,0,0.0,0.0,NotApplicable,0.0,0.0,0.0
624,625,1,1170.0,4.0,2011.0,1,22.0,2012.0,"Feb,May,Aug,Nov",0.0,0.0,0.0
625,626,3,10740.0,11.0,2013.0,0,0.0,0.0,NotApplicable,0.0,1.0,0.0
626,627,3,3970.0,3.0,2010.0,0,0.0,0.0,NotApplicable,0.0,1.0,0.0
627,628,3,2180.0,9.0,2013.0,0,0.0,0.0,NotApplicable,0.0,0.0,0.0
628,629,1,510.0,7.0,2014.0,1,23.0,2015.0,"Mar,Jun,Sept,Dec",0.0,0.0,1.0
629,630,1,1690.0,4.0,2015.0,0,0.0,0.0,NotApplicable,0.0,0.0,0.0
630,631,3,2870.0,9.0,2013.0,1,35.0,2012.0,"Mar,Jun,Sept,Dec",0.0,0.0,1.0
631,632,1,3350.0,2.0,2010.0,0,0.0,0.0,NotApplicable,0.0,0.0,0.0
632,633,1,11640.0,4.0,2005.0,1,22.0,2011.0,"Jan,Apr,Jul,Oct",0.0,0.0,1.0
633,634,1,18610.0,9.0,2013.0,0,0.0,0.0,NotApplicable,0.0,0.0,1.0
634,635,1,27530.0,4.0,2014.0,0,0.0,0.0,NotApplicable,0.0,0.0,0.0
635,636,1,720.0,10.0,2004.0,1,13.0,2010.0,"Jan,Apr,Jul,Oct",0.0,1.0,0.0
636,637,3,9790.0,9.0,2013.0,1,31.0,2009.0,"Feb,May,Aug,Nov",0.0,0.0,1.0
637,638,1,10170.0,11.0,2001.0,0,0.0,0.0,NotApplicable,0.0,0.0,1.0
638,639,1,7780.0,11.0,2006.0,0,0.0,0.0,NotApplicable,0.0,0.0,0.0
639,640,3,8040.0,9.0,2013.0,0,0.0,0.0,NotApplicable,0.0,0.0,1.0
640,641,3,610.0,12.0,2003.0,1,36.0,2013.0,"Mar,Jun,Sept,Dec",0.0,0.0,0.0
641,642,3,530.0,4.0,2005.0,1,35.0,2010.0,"Mar,Jun,Sept,Dec",0.0,1.0,0.0
642,643,1,230.0,6.0,2010.0,1,18.0,2010.0,"Feb,May,Aug,Nov",0.0,0.0,0.0
643,644,1,4030.0,12.0,2004.0,1,14.0,2011.0,"Jan,Apr,Jul,Oct",0.0,1.0,0.0
644,645,1,90.0,9.0,2013.0,1,45.0,2009.0,"Feb,May,Aug,Nov",0.0,0.0,0.0
645,646,1,620.0,9.0,2014.0,0,0.0,0.0,NotApplicable,0.0,0.0,0.0
646,647,3,7420.0,4.0,2013.0,0,0.0,0.0,NotApplicable,0.0,0.0,0.0
647,648,1,2130.0,12.0,2008.0,0,0.0,0.0,NotApplicable,0.0,0.0,1.0
648,649,1,14570.0,11.0,2002.0,0,0.0,0.0,NotApplicable,0.0,0.0,0.0
649,650,1,1420.0,10.0,2012.0,1,40.0,2014.0,"Jan,Apr,Jul,Oct",0.0,0.0,0.0
650,651,1,200.0,9.0,2013.0,0,0.0,0.0,NotApplicable,0.0,0.0,0.0
651,652,1,20390.0,9.0,2013.0,0,0.0,0.0,NotApplicable,0.0,0.0,0.0
652,653,3,7520.0,7.0,2014.0,1,45.0,2009.0,"Feb,May,Aug,Nov",0.0,0.0,1.0
653,654,1,6930.0,9.0,2006.0,0,0.0,0.0,NotApplicable,0.0,1.0,0.0
654,655,3,960.0,11.0,2012.0,1,5.0,2013.0,"Feb,May,Aug,Nov",0.0,0.0,1.0
655,656,1,410.0,4.0,2009.0,1,13.0,2010.0,"Jan,Apr,Jul,Oct",0.0,0.0,1.0
656,657,3,80.0,1.0,2006.0,1,10.0,2014.0,"Jan,Apr,Jul,Oct",0.0,1.0,0.0
657,658,3,520.0,9.0,2013.0,1,37.0,2009.0,"Jan,Apr,Jul,Oct",0.0,0.0,1.0
658,659,1,1590.0,3.0,2012.0,0,0.0,0.0,NotApplicable,0.0,0.0,1.0
659,660,1,1200.0,11.0,2006.0,1,40.0,2014.0,"Jan,Apr,Jul,Oct",0.0,0.0,0.0
660,661,3,2140.0,7.0,2013.0,0,0.0,0.0,NotApplicable,0.0,0.0,1.0
661,662,1,1070.0,9.0,2013.0,0,0.0,0.0,NotApplicable,0.0,0.0,1.0
662,663,3,7860.0,5.0,2005.0,0,0.0,0.0,NotApplicable,0.0,0.0,0.0
663,664,3,1680.0,10.0,2005.0,0,0.0,0.0,NotApplicable,0.0,0.0,1.0
664,665,1,90.0,12.0,2012.0,1,14.0,2011.0,"Jan,Apr,Jul,Oct",0.0,0.0,0.0
665,666,3,2700.0,9.0,2013.0,1,9.0,2011.0,"Mar,Jun,Sept,Dec",0.0,1.0,0.0
666,667,3,2870.0,9.0,2012.0,0,0.0,0.0,NotApplicable,0.0,0.0,1.0
667,668,1,1270.0,9.0,2010.0,0,0.0,0.0,NotApplicable,0.0,1.0,0.0
668,669,1,17080.0,7.0,2012.0,1,31.0,2013.0,"Jan,Apr,Jul,Oct",0.0,0.0,1.0
669,670,1,2060.0,9.0,2013.0,1,45.0,2009.0,"Feb,May,Aug,Nov",0.0,0.0,0.0
670,671,3,2070.0,2.0,2008.0,1,39.0,2010.0,"Jan,Apr,Jul,Oct",0.0,0.0,0.0
671,672,1,240.0,9.0,2002.0,0,0.0,0.0,NotApplicable,0.0,1.0,0.0
672,673,3,15170.0,9.0,2013.0,1,5.0,2013.0,"Feb,May,Aug,Nov",0.0,0.0,1.0
673,674,1,2640.0,12.0,2005.0,1,31.0,2013.0,"Feb,May,Aug,Nov",0.0,0.0,0.0
674,675,1,2100.0,8.0,2013.0,1,14.0,2011.0,"Jan,Apr,Jul,Oct",0.0,0.0,0.0
675,676,2,1410.0,9.0,2008.0,0,0.0,0.0,NotApplicable,1.0,0.0,0.0
676,677,1,1740.0,6.0,2014.0,1,45.0,2009.0,"Feb,May,Aug,Nov",0.0,0.0,1.0
677,678,1,3250.0,9.0,2013.0,1,40.0,2011.0,"Jan,Apr,Jul,Oct",0.0,1.0,0.0
678,679,1,4140.0,9.0,2012.0,0,0.0,0.0,NotApplicable,0.0,0.0,0.0
679,680,1,170.0,9.0,2013.0,1,35.0,2012.0,"Mar,Jun,Sept,Dec",0.0,1.0,0.0
680,681,3,620.0,9.0,2013.0,1,1.0,2014.0,"Mar,Jun,Sept,Dec",0.0,0.0,0.0
681,682,1,150.0,9.0,2006.0,0,0.0,0.0,NotApplicable,1.0,0.0,0.0
682,683,1,2850.0,7.0,2014.0,0,0.0,0.0,NotApplicable,0.0,0.0,0.0
683,684,3,680.0,9.0,2013.0,1,22.0,2012.0,"Jan,Apr,Jul,Oct",0.0,0.0,1.0
684,685,1,650.0,11.0,2013.0,1,37.0,2009.0,"Jan,Apr,Jul,Oct",0.0,0.0,0.0
685,686,1,20050.0,4.0,2002.0,0,0.0,0.0,NotApplicable,0.0,0.0,0.0
686,687,3,2770.0,9.0,2013.0,0,0.0,0.0,NotApplicable,0.0,0.0,1.0
687,688,1,18760.0,8.0,2015.0,1,14.0,2011.0,"Jan,Apr,Jul,Oct",0.0,0.0,0.0
688,689,1,15040.0,10.0,2004.0,0,0.0,0.0,NotApplicable,0.0,0.0,1.0
689,690,1,100.0,9.0,2013.0,0,0.0,0.0,NotApplicable,0.0,0.0,0.0
690,691,3,3030.0,9.0,2013.0,1,37.0,2009.0,"Jan,Apr,Jul,Oct",0.0,0.0,1.0
691,692,1,40.0,8.0,2001.0,0,0.0,0.0,NotApplicable,0.0,0.0,0.0
692,693,1,450.0,9.0,2013.0,1,40.0,2011.0,"Jan,Apr,Jul,Oct",0.0,0.0,1.0
693,694,3,460.0,11.0,2012.0,1,40.0,2014.0,"Jan,Apr,Jul,Oct",0.0,0.0,0.0
694,695,1,550.0,7.0,2011.0,1,1.0,2012.0,"Jan,Apr,Jul,Oct",0.0,0.0,0.0
695,696,3,430.0,9.0,2013.0,0,0.0,0.0,NotApplicable,0.0,0.0,0.0
696,697,1,3780.0,9.0,2013.0,1,40.0,2011.0,"Jan,Apr,Jul,Oct",0.0,0.0,1.0
697,698,1,1790.0,5.0,2011.0,0,0.0,0.0,NotApplicable,0.0,0.0,0.0
698,699,1,180.0,9.0,2013.0,1,5.0,2013.0,"Jan,Apr,Jul,Oct",0.0,0.0,0.0
699,700,3,830.0,9.0,2013.0,1,27.0,2013.0,"Jan,Apr,Jul,Oct",0.0,0.0,0.0
700,701,1,1450.0,3.0,2012.0,1,14.0,2011.0,"Jan,Apr,Jul,Oct",0.0,0.0,1.0
701,702,1,8550.0,9.0,2001.0,1,45.0,2009.0,"Feb,May,Aug,Nov",0.0,0.0,0.0
702,703,1,80.0,6.0,2005.0,0,0.0,0.0,NotApplicable,0.0,0.0,0.0
703,704,3,1910.0,4.0,2009.0,0,0.0,0.0,NotApplicable,0.0,0.0,1.0
704,705,1,4140.0,9.0,2012.0,1,18.0,2011.0,"Feb,May,Aug,Nov",0.0,0.0,0.0
705,706,1,7830.0,9.0,2014.0,1,10.0,2014.0,"Mar,Jun,Sept,Dec",0.0,0.0,1.0
706,707,3,2900.0,7.0,1990.0,0,0.0,0.0,NotApplicable,0.0,0.0,0.0
707,708,3,11470.0,10.0,2009.0,1,18.0,2014.0,"Jan,Apr,Jul,Oct",0.0,1.0,0.0
708,709,1,500.0,12.0,2010.0,0,0.0,0.0,NotApplicable,0.0,0.0,0.0
709,710,1,1500.0,9.0,2008.0,1,14.0,2011.0,"Jan,Apr,Jul,Oct",0.0,0.0,1.0
710,711,1,17110.0,3.0,2007.0,1,5.0,2010.0,"Jan,Apr,Jul,Oct",0.0,0.0,1.0
711,712,1,4870.0,9.0,2007.0,1,45.0,2009.0,"Jan,Apr,Jul,Oct",0.0,0.0,0.0
712,713,3,220.0,9.0,2013.0,1,10.0,2014.0,"Jan,Apr,Jul,Oct",0.0,0.0,0.0
713,714,3,12070.0,10.0,2005.0,1,10.0,2013.0,"Jan,Apr,Jul,Oct",0.0,0.0,1.0
714,715,1,14810.0,6.0,2014.0,0,0.0,0.0,NotApplicable,0.0,0.0,0.0
715,716,1,3200.0,1.0,2008.0,1,22.0,2011.0,"Jan,Apr,Jul,Oct",0.0,0.0,1.0
716,717,3,310.0,9.0,2013.0,1,40.0,2011.0,"Jan,Apr,Jul,Oct",0.0,0.0,1.0
717,718,1,1100.0,6.0,2015.0,0,0.0,0.0,NotApplicable,0.0,0.0,0.0
718,719,3,8190.0,9.0,2013.0,1,45.0,2009.0,"Feb,May,Aug,Nov",0.0,1.0,0.0
719,720,3,15320.0,3.0,2011.0,1,14.0,2013.0,"Feb,May,Aug,Nov",0.0,0.0,0.0
720,721,3,3590.0,9.0,2012.0,1,22.0,2012.0,"Mar,Jun,Sept,Dec",0.0,0.0,0.0
721,722,1,50.0,9.0,2013.0,0,0.0,0.0,NotApplicable,0.0,0.0,0.0
722,723,3,5650.0,9.0,2008.0,1,5.0,2013.0,"Feb,May,Aug,Nov",0.0,0.0,1.0
723,724,3,5900.0,9.0,2013.0,0,0.0,0.0,NotApplicable,0.0,0.0,1.0
724,725,3,17540.0,6.0,2012.0,0,0.0,0.0,NotApplicable,0.0,0.0,1.0
725,726,3,40540.0,2.0,2002.0,0,0.0,0.0,NotApplicable,0.0,0.0,0.0
726,727,1,2050.0,3.0,2007.0,0,0.0,0.0,NotApplicable,0.0,0.0,0.0
727,728,1,13990.0,9.0,2013.0,1,14.0,2011.0,"Jan,Apr,Jul,Oct",0.0,0.0,1.0
728,729,3,8980.0,6.0,2011.0,0,0.0,0.0,NotApplicable,0.0,1.0,0.0
729,730,1,1190.0,9.0,2013.0,0,0.0,0.0,NotApplicable,0.0,1.0,0.0
730,731,1,15270.0,9.0,2013.0,1,10.0,2014.0,"Jan,Apr,Jul,Oct",0.0,0.0,0.0
731,732,3,35280.0,9.0,2013.0,0,0.0,0.0,NotApplicable,0.0,0.0,0.0
732,733,2,860.0,10.0,1999.0,0,0.0,0.0,NotApplicable,1.0,0.0,0.0
733,734,1,220.0,9.0,2013.0,1,36.0,2013.0,"Mar,Jun,Sept,Dec",0.0,0.0,0.0
734,735,3,1920.0,4.0,2005.0,0,0.0,0.0,NotApplicable,0.0,0.0,1.0
735,736,3,1650.0,9.0,2013.0,1,14.0,2011.0,"Jan,Apr,Jul,Oct",0.0,1.0,0.0
736,737,1,100.0,5.0,2007.0,1,31.0,2013.0,"Jan,Apr,Jul,Oct",0.0,0.0,0.0
737,738,3,5980.0,10.0,2005.0,0,0.0,0.0,NotApplicable,0.0,0.0,1.0
738,739,3,2770.0,6.0,2008.0,1,22.0,2011.0,"Jan,Apr,Jul,Oct",0.0,0.0,1.0
739,740,1,6400.0,3.0,2014.0,0,0.0,0.0,NotApplicable,0.0,0.0,1.0
740,741,3,11900.0,9.0,2013.0,0,0.0,0.0,NotApplicable,0.0,0.0,1.0
741,742,3,4380.0,9.0,2013.0,0,0.0,0.0,NotApplicable,0.0,0.0,1.0
742,743,1,6710.0,11.0,2003.0,1,14.0,2012.0,"Jan,Apr,Jul,Oct",0.0,0.0,0.0
743,744,1,1370.0,12.0,2011.0,1,40.0,2014.0,"Jan,Apr,Jul,Oct",0.0,0.0,0.0
744,745,1,17650.0,11.0,2013.0,1,37.0,2009.0,"Jan,Apr,Jul,Oct",0.0,0.0,0.0
745,746,3,4330.0,2.0,2011.0,1,35.0,2011.0,"Mar,Jun,Sept,Dec",0.0,0.0,1.0
746,747,3,45740.0,8.0,2008.0,0,0.0,0.0,NotApplicable,0.0,1.0,0.0
747,748,1,2380.0,3.0,2010.0,1,14.0,2011.0,"Jan,Apr,Jul,Oct",0.0,0.0,1.0
748,749,1,3410.0,8.0,2011.0,1,14.0,2015.0,"Jan,Apr,Jul,Oct",0.0,0.0,0.0
749,750,1,8670.0,2.0,2002.0,1,14.0,2011.0,"Jan,Apr,Jul,Oct",0.0,0.0,1.0
750,751,1,650.0,10.0,2006.0,0,0.0,0.0,NotApplicable,0.0,0.0,0.0
751,752,1,970.0,3.0,2013.0,1,31.0,2013.0,"Feb,May,Aug,Nov",0.0,0.0,0.0
752,753,3,540.0,11.0,2012.0,1,35.0,2010.0,"Mar,Jun,Sept,Dec",0.0,0.0,1.0
753,754,3,380.0,5.0,2008.0,1,10.0,2014.0,"Mar,Jun,Sept,Dec",0.0,1.0,0.0
754,755,3,13130.0,12.0,2003.0,0,0.0,0.0,NotApplicable,0.0,0.0,1.0
755,756,3,50.0,9.0,2013.0,1,40.0,2011.0,"Jan,Apr,Jul,Oct",0.0,0.0,0.0
756,757,3,3450.0,9.0,2013.0,0,0.0,0.0,NotApplicable,0.0,0.0,0.0
757,758,3,19780.0,6.0,2008.0,0,0.0,0.0,NotApplicable,0.0,0.0,0.0
758,759,1,110.0,11.0,2012.0,1,31.0,2013.0,"Feb,May,Aug,Nov",0.0,0.0,0.0
759,760,1,560.0,1.0,2011.0,0,0.0,0.0,NotApplicable,0.0,0.0,0.0
760,761,1,2390.0,9.0,2012.0,0,0.0,0.0,NotApplicable,0.0,0.0,0.0
761,762,3,1280.0,9.0,2013.0,1,10.0,2013.0,"Mar,Jun,Sept,Dec",0.0,0.0,1.0
762,763,3,32240.0,3.0,2010.0,0,0.0,0.0,NotApplicable,0.0,0.0,1.0
763,764,3,26490.0,9.0,2013.0,1,10.0,2014.0,"Mar,Jun,Sept,Dec",0.0,0.0,0.0
764,765,3,25430.0,5.0,1999.0,1,37.0,2009.0,"Jan,Apr,Jul,Oct",0.0,0.0,0.0
765,766,3,9820.0,9.0,2013.0,0,0.0,0.0,NotApplicable,0.0,0.0,1.0
766,767,3,13080.0,9.0,2013.0,0,0.0,0.0,NotApplicable,0.0,0.0,0.0
767,768,3,2630.0,9.0,2012.0,0,0.0,0.0,NotApplicable,0.0,0.0,0.0
768,769,2,840.0,9.0,2013.0,1,48.0,2012.0,"Jan,Apr,Jul,Oct",1.0,0.0,0.0
769,770,3,100.0,4.0,2015.0,0,0.0,0.0,NotApplicable,0.0,0.0,0.0
770,771,1,20640.0,9.0,2007.0,0,0.0,0.0,NotApplicable,0.0,0.0,0.0
771,772,3,1850.0,9.0,2013.0,0,0.0,0.0,NotApplicable,0.0,0.0,1.0
772,773,1,200.0,9.0,2013.0,0,0.0,0.0,NotApplicable,0.0,0.0,0.0
773,774,3,640.0,9.0,2013.0,0,0.0,0.0,NotApplicable,0.0,0.0,0.0
774,775,3,6970.0,12.0,2005.0,1,22.0,2011.0,"Jan,Apr,Jul,Oct",0.0,0.0,1.0
775,776,1,700.0,4.0,2009.0,1,14.0,2011.0,"Jan,Apr,Jul,Oct",0.0,1.0,0.0
776,777,3,8250.0,10.0,2004.0,1,10.0,2013.0,"Mar,Jun,Sept,Dec",0.0,0.0,1.0
777,778,1,340.0,6.0,2003.0,1,40.0,2014.0,"Jan,Apr,Jul,Oct",0.0,0.0,0.0
778,779,1,16990.0,4.0,2004.0,0,0.0,0.0,NotApplicable,0.0,0.0,0.0
779,780,1,18160.0,9.0,2013.0,0,0.0,0.0,NotApplicable,0.0,0.0,0.0
780,781,1,630.0,4.0,2007.0,0,0.0,0.0,NotApplicable,0.0,0.0,0.0
781,782,3,5390.0,8.0,2003.0,1,1.0,2012.0,"Jan,Apr,Jul,Oct",0.0,1.0,0.0
782,783,3,15490.0,9.0,2013.0,0,0.0,0.0,NotApplicable,0.0,0.0,1.0
783,784,1,560.0,10.0,2014.0,1,10.0,2014.0,"Jan,Apr,Jul,Oct",0.0,0.0,0.0
784,785,3,970.0,7.0,2005.0,1,31.0,2013.0,"Feb,May,Aug,Nov",0.0,0.0,1.0
785,786,1,290.0,11.0,2006.0,1,5.0,2013.0,"Feb,May,Aug,Nov",0.0,0.0,0.0
786,787,3,3210.0,6.0,2009.0,0,0.0,0.0,NotApplicable,0.0,1.0,0.0
787,788,3,1530.0,3.0,2013.0,0,0.0,0.0,NotApplicable,0.0,0.0,0.0
788,789,3,9770.0,7.0,2003.0,0,0.0,0.0,NotApplicable,0.0,0.0,0.0
789,790,3,9070.0,12.0,2003.0,0,0.0,0.0,NotApplicable,0.0,0.0,1.0
790,791,1,5950.0,4.0,2007.0,0,0.0,0.0,NotApplicable,0.0,0.0,0.0
791,792,1,17280.0,10.0,2009.0,1,18.0,2011.0,"Feb,May,Aug,Nov",0.0,0.0,1.0
792,793,1,2710.0,7.0,2006.0,0,0.0,0.0,NotApplicable,0.0,0.0,1.0
793,794,3,5090.0,9.0,2006.0,0,0.0,0.0,NotApplicable,0.0,1.0,0.0
794,795,1,510.0,9.0,2013.0,1,35.0,2010.0,"Mar,Jun,Sept,Dec",0.0,0.0,1.0
795,796,3,7180.0,11.0,2012.0,0,0.0,0.0,NotApplicable,0.0,0.0,0.0
796,797,1,2090.0,10.0,2012.0,1,40.0,2014.0,"Jan,Apr,Jul,Oct",0.0,0.0,0.0
797,798,1,9560.0,4.0,2001.0,0,0.0,0.0,NotApplicable,0.0,0.0,0.0
798,799,3,2700.0,9.0,2013.0,0,0.0,0.0,NotApplicable,0.0,0.0,0.0
799,800,1,2020.0,7.0,2014.0,0,0.0,0.0,NotApplicable,0.0,0.0,1.0
800,801,1,48330.0,4.0,2013.0,0,0.0,0.0,NotApplicable,0.0,0.0,1.0
801,802,3,910.0,9.0,2013.0,1,22.0,2011.0,"Feb,May,Aug,Nov",0.0,0.0,0.0
802,803,1,1760.0,9.0,2013.0,1,10.0,2014.0,"Mar,Jun,Sept,Dec",0.0,0.0,1.0
803,804,3,2100.0,9.0,2013.0,1,1.0,2013.0,"Jan,Apr,Jul,Oct",0.0,1.0,0.0
804,805,1,24770.0,10.0,2011.0,1,10.0,2014.0,"Mar,Jun,Sept,Dec",0.0,0.0,1.0
805,806,1,260.0,9.0,2013.0,1,44.0,2010.0,"Feb,May,Aug,Nov",0.0,0.0,1.0
806,807,1,3870.0,4.0,2008.0,0,0.0,0.0,NotApplicable,0.0,0.0,0.0
807,808,1,18620.0,9.0,2013.0,1,31.0,2009.0,"Feb,May,Aug,Nov",0.0,0.0,0.0
808,809,1,12770.0,10.0,2000.0,0,0.0,0.0,NotApplicable,0.0,0.0,0.0
809,810,3,9640.0,11.0,2013.0,0,0.0,0.0,NotApplicable,0.0,0.0,1.0
810,811,1,410.0,9.0,2012.0,0,0.0,0.0,NotApplicable,0.0,0.0,0.0
811,812,1,2590.0,9.0,2012.0,0,0.0,0.0,NotApplicable,0.0,0.0,1.0
812,813,1,1560.0,9.0,2003.0,0,0.0,0.0,NotApplicable,0.0,0.0,0.0
813,814,3,24530.0,7.0,2013.0,0,0.0,0.0,NotApplicable,0.0,0.0,1.0
814,815,1,590.0,1.0,1900.0,1,40.0,2014.0,"Jan,Apr,Jul,Oct",0.0,0.0,0.0
815,816,3,460.0,9.0,2013.0,0,0.0,0.0,NotApplicable,0.0,1.0,0.0
816,817,1,140.0,3.0,2006.0,0,0.0,0.0,NotApplicable,0.0,0.0,0.0
817,818,1,490.0,9.0,2013.0,1,35.0,2010.0,"Mar,Jun,Sept,Dec",0.0,0.0,1.0
818,819,3,720.0,10.0,2014.0,0,0.0,0.0,NotApplicable,0.0,0.0,0.0
819,820,3,1650.0,9.0,2013.0,1,40.0,2014.0,"Jan,Apr,Jul,Oct",0.0,0.0,0.0
820,821,1,1700.0,9.0,2009.0,0,0.0,0.0,NotApplicable,0.0,0.0,0.0
821,822,3,410.0,11.0,2010.0,1,48.0,2010.0,"Mar,Jun,Sept,Dec",0.0,0.0,0.0
822,823,3,16210.0,11.0,2010.0,0,0.0,0.0,NotApplicable,0.0,0.0,0.0
823,824,1,17570.0,9.0,2013.0,0,0.0,0.0,NotApplicable,0.0,0.0,0.0
824,825,1,380.0,5.0,2011.0,1,40.0,2014.0,"Jan,Apr,Jul,Oct",0.0,0.0,0.0
825,826,3,7980.0,6.0,2005.0,0,0.0,0.0,NotApplicable,0.0,0.0,0.0
826,827,3,250.0,1.0,2005.0,0,0.0,0.0,NotApplicable,0.0,0.0,0.0
827,828,3,3290.0,12.0,2014.0,0,0.0,0.0,NotApplicable,0.0,0.0,1.0
828,829,1,110.0,9.0,2013.0,0,0.0,0.0,NotApplicable,0.0,1.0,0.0
829,830,3,6320.0,9.0,2013.0,1,5.0,2011.0,"Jan,Apr,Jul,Oct",0.0,0.0,0.0
830,831,1,800.0,6.0,2007.0,0,0.0,0.0,NotApplicable,0.0,0.0,0.0
831,832,1,5070.0,9.0,2013.0,1,45.0,2009.0,"Feb,May,Aug,Nov",0.0,0.0,1.0
832,833,3,3290.0,12.0,1999.0,1,35.0,2010.0,"Mar,Jun,Sept,Dec",0.0,0.0,1.0
833,834,1,3470.0,3.0,2012.0,0,0.0,0.0,NotApplicable,0.0,0.0,0.0
834,835,1,2890.0,12.0,2007.0,1,10.0,2014.0,"Mar,Jun,Sept,Dec",0.0,0.0,0.0
835,836,1,2720.0,9.0,2012.0,0,0.0,0.0,NotApplicable,0.0,0.0,0.0
836,837,3,14600.0,4.0,2015.0,0,0.0,0.0,NotApplicable,0.0,0.0,0.0
837,838,3,6890.0,9.0,2013.0,1,48.0,2011.0,"Mar,Jun,Sept,Dec",0.0,0.0,1.0
838,839,1,240.0,1.0,2015.0,0,0.0,0.0,NotApplicable,0.0,1.0,0.0
839,840,1,1070.0,9.0,2009.0,0,0.0,0.0,NotApplicable,0.0,0.0,0.0
840,841,1,27650.0,8.0,2004.0,0,0.0,0.0,NotApplicable,0.0,0.0,0.0
841,842,3,1200.0,11.0,2007.0,0,0.0,0.0,NotApplicable,0.0,0.0,1.0
842,843,1,60.0,4.0,2006.0,0,0.0,0.0,NotApplicable,0.0,1.0,0.0
843,844,1,2030.0,9.0,2012.0,1,18.0,2011.0,"Feb,May,Aug,Nov",0.0,0.0,0.0
844,845,1,7860.0,11.0,2005.0,1,14.0,2011.0,"Jan,Apr,Jul,Oct",0.0,0.0,1.0
845,846,3,8860.0,4.0,2004.0,1,37.0,2009.0,"Jan,Apr,Jul,Oct",0.0,0.0,0.0
846,847,3,190.0,9.0,2013.0,1,31.0,2013.0,"Feb,May,Aug,Nov",0.0,1.0,0.0
847,848,3,370.0,7.0,2007.0,1,14.0,2011.0,"Jan,Apr,Jul,Oct",0.0,0.0,0.0
848,849,3,5000.0,9.0,2013.0,0,0.0,0.0,NotApplicable,0.0,1.0,0.0
849,850,1,1120.0,5.0,2007.0,1,31.0,2013.0,"Jan,Apr,Jul,Oct",0.0,0.0,1.0
850,851,3,2330.0,9.0,2013.0,1,49.0,2014.0,"Mar,Jun,Sept,Dec",0.0,0.0,1.0
851,852,1,940.0,4.0,2004.0,1,14.0,2011.0,"Jan,Apr,Jul,Oct",0.0,1.0,0.0
852,853,1,14040.0,9.0,2013.0,0,0.0,0.0,NotApplicable,0.0,0.0,0.0
853,854,1,4770.0,9.0,2013.0,1,13.0,2010.0,"Jan,Apr,Jul,Oct",0.0,1.0,0.0
854,855,1,3440.0,9.0,2013.0,1,45.0,2009.0,"Feb,May,Aug,Nov",0.0,0.0,0.0
855,856,1,3020.0,2.0,2010.0,0,0.0,0.0,NotApplicable,0.0,0.0,0.0
856,857,1,6270.0,8.0,2005.0,1,23.0,2014.0,"Mar,Jun,Sept,Dec",0.0,1.0,0.0
857,858,1,3370.0,12.0,2008.0,1,40.0,2014.0,"Jan,Apr,Jul,Oct",0.0,0.0,0.0
858,859,1,21770.0,7.0,2015.0,0,0.0,0.0,NotApplicable,0.0,1.0,0.0
859,860,3,5980.0,2.0,2010.0,0,0.0,0.0,NotApplicable,0.0,1.0,0.0
860,861,3,740.0,9.0,2013.0,1,14.0,2013.0,"Mar,Jun,Sept,Dec",0.0,1.0,0.0
861,862,3,2840.0,3.0,2010.0,1,14.0,2011.0,"Jan,Apr,Jul,Oct",0.0,0.0,0.0
862,863,3,21370.0,11.0,2010.0,0,0.0,0.0,NotApplicable,0.0,0.0,0.0
863,864,1,1020.0,10.0,2012.0,1,45.0,2009.0,"Feb,May,Aug,Nov",0.0,0.0,0.0
864,865,3,2640.0,9.0,2013.0,0,0.0,0.0,NotApplicable,0.0,0.0,1.0
865,866,1,9680.0,9.0,2013.0,1,5.0,2013.0,"Feb,May,Aug,Nov",0.0,0.0,1.0
866,867,3,21810.0,9.0,2012.0,0,0.0,0.0,NotApplicable,0.0,0.0,1.0
867,868,3,1360.0,8.0,2005.0,1,10.0,2014.0,"Jan,Apr,Jul,Oct",0.0,0.0,1.0
868,869,1,230.0,10.0,2001.0,1,14.0,2011.0,"Jan,Apr,Jul,Oct",0.0,1.0,0.0
869,870,1,780.0,4.0,2009.0,0,0.0,0.0,NotApplicable,0.0,0.0,0.0
870,871,3,10620.0,9.0,2013.0,0,0.0,0.0,NotApplicable,0.0,0.0,1.0
871,872,3,3860.0,9.0,2014.0,1,23.0,2015.0,"Mar,Jun,Sept,Dec",0.0,0.0,0.0
872,873,1,2040.0,11.0,2008.0,0,0.0,0.0,NotApplicable,0.0,0.0,0.0
873,874,1,3210.0,9.0,2013.0,0,0.0,0.0,NotApplicable,0.0,0.0,0.0
874,875,1,5070.0,11.0,2007.0,1,18.0,2015.0,"Feb,May,Aug,Nov",0.0,0.0,1.0
875,876,1,21790.0,4.0,2005.0,1,18.0,2015.0,"Feb,May,Aug,Nov",0.0,0.0,0.0
876,877,3,29190.0,9.0,2013.0,0,0.0,0.0,NotApplicable,0.0,0.0,0.0
877,878,3,1100.0,12.0,2014.0,0,0.0,0.0,NotApplicable,0.0,0.0,1.0
878,879,1,2325.0,9.0,2013.0,1,5.0,2013.0,"Feb,May,Aug,Nov",0.0,0.0,1.0
879,880,3,4570.0,9.0,2013.0,0,0.0,0.0,NotApplicable,0.0,0.0,0.0
880,881,1,180.0,3.0,2008.0,1,31.0,2013.0,"Feb,May,Aug,Nov",0.0,0.0,0.0
881,882,1,30.0,4.0,2013.0,0,0.0,0.0,NotApplicable,0.0,0.0,0.0
882,883,1,3200.0,6.0,2005.0,0,0.0,0.0,NotApplicable,0.0,0.0,0.0
883,884,3,7550.0,9.0,2013.0,0,0.0,0.0,NotApplicable,0.0,0.0,1.0
884,885,1,480.0,12.0,2005.0,0,0.0,0.0,NotApplicable,0.0,0.0,0.0
885,886,3,12430.0,10.0,2004.0,0,0.0,0.0,NotApplicable,0.0,0.0,0.0
886,887,1,19700.0,9.0,2013.0,1,37.0,2009.0,"Jan,Apr,Jul,Oct",0.0,0.0,1.0
887,888,1,4450.0,6.0,2012.0,1,35.0,2012.0,"Mar,Jun,Sept,Dec",0.0,0.0,1.0
888,889,1,18670.0,12.0,2005.0,0,0.0,0.0,NotApplicable,0.0,0.0,1.0
889,890,1,4450.0,9.0,2013.0,1,14.0,2011.0,"Jan,Apr,Jul,Oct",0.0,0.0,0.0
890,891,3,350.0,9.0,2013.0,1,31.0,2013.0,"Feb,May,Aug,Nov",0.0,0.0,0.0
891,892,1,19370.0,4.0,2002.0,0,0.0,0.0,NotApplicable,0.0,0.0,0.0
892,893,1,130.0,9.0,2013.0,1,1.0,2013.0,"Jan,Apr,Jul,Oct",0.0,0.0,0.0
893,894,1,190.0,11.0,2012.0,0,0.0,0.0,NotApplicable,0.0,0.0,0.0
894,895,3,4150.0,9.0,2013.0,0,0.0,0.0,NotApplicable,0.0,0.0,0.0
895,896,3,170.0,9.0,2012.0,0,0.0,0.0,NotApplicable,0.0,0.0,0.0
896,897,3,3290.0,1.0,2007.0,1,5.0,2013.0,"Feb,May,Aug,Nov",0.0,1.0,0.0
897,898,1,18540.0,9.0,2013.0,0,0.0,0.0,NotApplicable,0.0,0.0,0.0
898,899,1,2590.0,9.0,2013.0,1,13.0,2010.0,"Jan,Apr,Jul,Oct",0.0,0.0,1.0
899,900,1,3920.0,4.0,2005.0,1,40.0,2014.0,"Jan,Apr,Jul,Oct",0.0,0.0,0.0
900,901,3,3170.0,4.0,2014.0,0,0.0,0.0,NotApplicable,0.0,0.0,0.0
901,902,1,310.0,5.0,2015.0,1,40.0,2014.0,"Jan,Apr,Jul,Oct",0.0,0.0,0.0
902,903,3,7290.0,9.0,2014.0,0,0.0,0.0,NotApplicable,0.0,0.0,1.0
903,904,3,570.0,7.0,2013.0,1,14.0,2011.0,"Jan,Apr,Jul,Oct",0.0,0.0,1.0
904,905,1,90.0,6.0,2014.0,0,0.0,0.0,NotApplicable,0.0,0.0,0.0
905,906,1,90.0,7.0,2010.0,0,0.0,0.0,NotApplicable,0.0,0.0,0.0
906,907,3,250.0,9.0,2013.0,0,0.0,0.0,NotApplicable,0.0,0.0,0.0
907,908,1,1980.0,7.0,2010.0,1,37.0,2009.0,"Jan,Apr,Jul,Oct",0.0,0.0,0.0
908,909,3,1680.0,9.0,2013.0,1,45.0,2009.0,"Feb,May,Aug,Nov",0.0,0.0,0.0
909,910,3,12480.0,9.0,2013.0,1,1.0,2013.0,"Jan,Apr,Jul,Oct",0.0,0.0,1.0
910,911,3,16490.0,9.0,2013.0,0,0.0,0.0,NotApplicable,0.0,0.0,0.0
911,912,3,3100.0,5.0,2010.0,0,0.0,0.0,NotApplicable,0.0,1.0,0.0
912,913,1,280.0,9.0,2013.0,0,0.0,0.0,NotApplicable,0.0,0.0,0.0
913,914,3,2640.0,4.0,2011.0,1,22.0,2012.0,"Mar,Jun,Sept,Dec",0.0,1.0,0.0
914,915,3,650.0,3.0,2013.0,1,40.0,2014.0,"Jan,Apr,Jul,Oct",0.0,0.0,1.0
915,916,1,90.0,11.0,2012.0,0,0.0,0.0,NotApplicable,0.0,0.0,0.0
916,917,1,7240.0,2.0,2010.0,0,0.0,0.0,NotApplicable,0.0,0.0,0.0
917,918,3,18710.0,4.0,2015.0,0,0.0,0.0,NotApplicable,0.0,0.0,0.0
918,919,1,2620.0,9.0,2013.0,1,45.0,2009.0,"Feb,May,Aug,Nov",0.0,0.0,0.0
919,920,1,850.0,2.0,2012.0,1,40.0,2014.0,"Jan,Apr,Jul,Oct",0.0,0.0,0.0
920,921,1,840.0,9.0,2006.0,0,0.0,0.0,NotApplicable,0.0,0.0,0.0
921,922,1,2110.0,3.0,2006.0,0,0.0,0.0,NotApplicable,0.0,0.0,1.0
922,923,1,280.0,9.0,2008.0,0,0.0,0.0,NotApplicable,0.0,0.0,0.0
923,924,1,6420.0,4.0,2011.0,1,1.0,2012.0,"Jan,Apr,Jul,Oct",0.0,0.0,0.0
924,925,1,470.0,3.0,2007.0,1,1.0,2012.0,"Jan,Apr,Jul,Oct",0.0,1.0,0.0
925,926,3,5150.0,3.0,2011.0,1,13.0,2010.0,"Jan,Apr,Jul,Oct",0.0,0.0,1.0
926,927,1,480.0,9.0,2013.0,0,0.0,0.0,NotApplicable,0.0,0.0,0.0
927,928,3,1090.0,9.0,2013.0,1,31.0,2013.0,"Feb,May,Aug,Nov",0.0,0.0,1.0
928,929,3,4820.0,9.0,2013.0,0,0.0,0.0,NotApplicable,0.0,0.0,0.0
929,930,1,70.0,9.0,2013.0,0,0.0,0.0,NotApplicable,0.0,0.0,0.0
930,931,3,1480.0,9.0,2011.0,1,1.0,2012.0,"Jan,Apr,Jul,Oct",0.0,0.0,0.0
931,932,1,15700.0,9.0,2013.0,1,13.0,2010.0,"Jan,Apr,Jul,Oct",0.0,0.0,0.0
932,933,3,6270.0,2.0,2005.0,0,0.0,0.0,NotApplicable,0.0,0.0,0.0
933,934,3,5460.0,9.0,2013.0,1,14.0,2011.0,"Jan,Apr,Jul,Oct",0.0,0.0,0.0
934,935,3,22350.0,6.0,2010.0,0,0.0,0.0,NotApplicable,0.0,0.0,0.0
935,936,1,580.0,2.0,2008.0,0,0.0,0.0,NotApplicable,0.0,0.0,0.0
936,937,1,2810.0,9.0,2013.0,1,10.0,2014.0,"Jan,Apr,Jul,Oct",0.0,0.0,1.0
937,938,1,2820.0,9.0,2009.0,0,0.0,0.0,NotApplicable,0.0,0.0,0.0
938,939,1,1340.0,9.0,2013.0,0,0.0,0.0,NotApplicable,0.0,0.0,1.0
939,940,3,6470.0,9.0,2012.0,0,0.0,0.0,NotApplicable,0.0,0.0,1.0
940,941,1,1200.0,12.0,2011.0,1,31.0,2013.0,"Jan,Apr,Jul,Oct",0.0,0.0,0.0
941,942,3,6860.0,9.0,2013.0,1,18.0,2011.0,"Jan,Apr,Jul,Oct",0.0,0.0,1.0
942,943,3,18020.0,9.0,2013.0,0,0.0,0.0,NotApplicable,0.0,0.0,1.0
943,944,1,1670.0,7.0,2015.0,0,0.0,0.0,NotApplicable,0.0,1.0,0.0
944,945,3,12480.0,3.0,2011.0,0,0.0,0.0,NotApplicable,0.0,0.0,0.0
945,946,1,2220.0,12.0,2011.0,1,14.0,2015.0,"Jan,Apr,Jul,Oct",0.0,0.0,0.0
946,947,1,460.0,3.0,2014.0,1,13.0,2010.0,"Jan,Apr,Jul,Oct",0.0,0.0,0.0
947,948,2,1430.0,9.0,2013.0,0,0.0,0.0,NotApplicable,1.0,0.0,0.0
948,949,1,870.0,3.0,2006.0,0,0.0,0.0,NotApplicable,0.0,0.0,0.0
949,950,1,8460.0,11.0,1994.0,0,0.0,0.0,NotApplicable,0.0,0.0,0.0
950,951,3,710.0,9.0,2013.0,1,40.0,2011.0,"Jan,Apr,Jul,Oct",0.0,0.0,1.0
951,952,3,6300.0,10.0,2013.0,0,0.0,0.0,NotApplicable,0.0,0.0,1.0
952,953,1,19830.0,4.0,2006.0,1,22.0,2011.0,"Mar,Jun,Sept,Dec",0.0,0.0,0.0
953,954,1,390.0,2.0,2013.0,1,10.0,2014.0,"Jan,Apr,Jul,Oct",0.0,0.0,0.0
954,955,3,1690.0,7.0,2009.0,1,36.0,2013.0,"Mar,Jun,Sept,Dec",0.0,0.0,1.0
955,956,1,2330.0,10.0,2014.0,1,18.0,2011.0,"Feb,May,Aug,Nov",0.0,0.0,0.0
956,957,3,1420.0,11.0,2012.0,0,0.0,0.0,NotApplicable,0.0,0.0,1.0
957,958,1,440.0,11.0,2013.0,0,0.0,0.0,NotApplicable,0.0,0.0,0.0
958,959,3,1060.0,12.0,2005.0,0,0.0,0.0,NotApplicable,0.0,0.0,0.0
959,960,1,8990.0,9.0,2013.0,1,31.0,2009.0,"Feb,May,Aug,Nov",0.0,0.0,1.0
960,961,3,9430.0,9.0,2013.0,0,0.0,0.0,NotApplicable,0.0,0.0,1.0
961,962,1,260.0,9.0,2013.0,0,0.0,0.0,NotApplicable,0.0,1.0,0.0
962,963,3,23620.0,11.0,2013.0,0,0.0,0.0,NotApplicable,0.0,0.0,0.0
963,964,1,270.0,9.0,2013.0,1,5.0,2013.0,"Feb,May,Aug,Nov",0.0,0.0,0.0
964,965,3,110.0,9.0,2013.0,0,0.0,0.0,NotApplicable,0.0,0.0,0.0
965,966,1,760.0,2.0,2008.0,0,0.0,0.0,NotApplicable,0.0,0.0,0.0
966,967,3,3560.0,9.0,2013.0,1,36.0,2013.0,"Jan,Apr,Jul,Oct",0.0,0.0,0.0
967,968,1,1190.0,9.0,2013.0,0,0.0,0.0,NotApplicable,0.0,1.0,0.0
968,969,3,600.0,11.0,1999.0,1,10.0,2013.0,"Jan,Apr,Jul,Oct",0.0,0.0,0.0
969,970,1,910.0,12.0,2014.0,1,37.0,2009.0,"Jan,Apr,Jul,Oct",0.0,0.0,0.0
970,971,1,1140.0,5.0,2011.0,1,14.0,2012.0,"Mar,Jun,Sept,Dec",0.0,1.0,0.0
971,972,1,14960.0,9.0,2013.0,0,0.0,0.0,NotApplicable,0.0,0.0,0.0
972,973,3,330.0,9.0,2013.0,1,28.0,2012.0,"Jan,Apr,Jul,Oct",0.0,0.0,1.0
973,974,1,150.0,3.0,2011.0,1,40.0,2014.0,"Jan,Apr,Jul,Oct",0.0,0.0,0.0
974,975,3,9630.0,9.0,2013.0,1,14.0,2011.0,"Jan,Apr,Jul,Oct",0.0,0.0,0.0
975,976,1,4180.0,9.0,2013.0,0,0.0,0.0,NotApplicable,0.0,0.0,0.0
976,977,1,520.0,9.0,2005.0,1,13.0,2010.0,"Jan,Apr,Jul,Oct",0.0,0.0,0.0
977,978,3,3890.0,9.0,2013.0,0,0.0,0.0,NotApplicable,0.0,1.0,0.0
978,979,3,2270.0,11.0,2005.0,1,14.0,2011.0,"Jan,Apr,Jul,Oct",0.0,0.0,0.0
979,980,1,4420.0,9.0,2005.0,0,0.0,0.0,NotApplicable,0.0,0.0,0.0
980,981,3,2620.0,11.0,2002.0,0,0.0,0.0,NotApplicable,0.0,0.0,1.0
981,982,1,21930.0,9.0,2013.0,0,0.0,0.0,NotApplicable,0.0,0.0,1.0
982,983,1,40.0,3.0,2014.0,1,1.0,2014.0,"Jan,Apr,Jul,Oct",0.0,0.0,0.0
983,984,1,440.0,9.0,2013.0,1,1.0,2013.0,"Jan,Apr,Jul,Oct",0.0,1.0,0.0
984,985,3,490.0,5.0,2007.0,1,13.0,2010.0,"Jan,Apr,Jul,Oct",0.0,1.0,0.0
985,986,1,620.0,10.0,2014.0,1,18.0,2014.0,"Feb,May,Aug,Nov",0.0,0.0,0.0
986,987,1,1690.0,6.0,2007.0,0,0.0,0.0,NotApplicable,0.0,1.0,0.0
987,988,1,30.0,11.0,2012.0,0,0.0,0.0,NotApplicable,0.0,0.0,0.0
988,989,1,1640.0,6.0,2006.0,1,40.0,2011.0,"Jan,Apr,Jul,Oct",0.0,0.0,0.0
989,990,1,20930.0,9.0,2013.0,0,0.0,0.0,NotApplicable,0.0,0.0,1.0
990,991,1,1010.0,9.0,2013.0,0,0.0,0.0,NotApplicable,0.0,0.0,0.0
991,992,1,2480.0,7.0,1990.0,0,0.0,0.0,NotApplicable,0.0,0.0,0.0
992,993,3,3460.0,10.0,2013.0,1,10.0,2014.0,"Jan,Apr,Jul,Oct",0.0,0.0,1.0
993,994,1,2290.0,7.0,2011.0,1,1.0,2012.0,"Jan,Apr,Jul,Oct",0.0,0.0,0.0
994,995,1,6560.0,12.0,2013.0,0,0.0,0.0,NotApplicable,0.0,0.0,1.0
995,996,1,2870.0,7.0,2015.0,1,13.0,2010.0,"Jan,Apr,Jul,Oct",0.0,1.0,0.0
996,997,3,5840.0,7.0,2010.0,1,37.0,2009.0,"Jan,Apr,Jul,Oct",0.0,0.0,1.0
997,998,1,780.0,9.0,2005.0,1,5.0,2013.0,"Feb,May,Aug,Nov",0.0,0.0,0.0
998,999,3,15140.0,2.0,2002.0,1,37.0,2009.0,"Jan,Apr,Jul,Oct",0.0,0.0,1.0
999,1000,3,2230.0,5.0,2009.0,1,40.0,2014.0,"Jan,Apr,Jul,Oct",0.0,0.0,0.0
1000,1001,1,19640.0,9.0,2013.0,1,14.0,2011.0,"Jan,Apr,Jul,Oct",0.0,1.0,0.0
1001,1002,3,1130.0,11.0,2008.0,0,0.0,0.0,NotApplicable,0.0,0.0,1.0
1002,1003,1,170.0,7.0,2013.0,1,27.0,2013.0,"Jan,Apr,Jul,Oct",0.0,0.0,0.0
1003,1004,3,970.0,9.0,2013.0,1,9.0,2011.0,"Mar,Jun,Sept,Dec",0.0,0.0,1.0
1004,1005,1,6480.0,9.0,2013.0,0,0.0,0.0,NotApplicable,0.0,0.0,0.0
1005,1006,3,3890.0,11.0,2006.0,1,5.0,2013.0,"Feb,May,Aug,Nov",0.0,1.0,0.0
1006,1007,3,4180.0,9.0,2012.0,0,0.0,0.0,NotApplicable,0.0,1.0,0.0
1007,1008,3,30.0,9.0,2010.0,0,0.0,0.0,NotApplicable,0.0,0.0,0.0
1008,1009,1,230.0,7.0,2004.0,1,10.0,2014.0,"Jan,Apr,Jul,Oct",0.0,0.0,0.0
1009,1010,3,4610.0,6.0,2010.0,1,18.0,2010.0,"Feb,May,Aug,Nov",0.0,0.0,1.0
1010,1011,3,490.0,9.0,2012.0,1,18.0,2011.0,"Feb,May,Aug,Nov",0.0,0.0,0.0
1011,1012,3,6330.0,6.0,2004.0,1,39.0,2010.0,"Jan,Apr,Jul,Oct",0.0,0.0,1.0
1012,1013,1,630.0,2.0,2015.0,1,31.0,2013.0,"Feb,May,Aug,Nov",0.0,0.0,0.0
1013,1014,3,210.0,9.0,2013.0,1,31.0,2013.0,"Jan,Apr,Jul,Oct",0.0,0.0,0.0
1014,1015,3,9910.0,12.0,2010.0,1,9.0,2011.0,"Mar,Jun,Sept,Dec",0.0,0.0,1.0
1015,1016,3,550.0,9.0,2013.0,1,35.0,2010.0,"Mar,Jun,Sept,Dec",0.0,1.0,0.0
1016,1017,1,110.0,11.0,2008.0,0,0.0,0.0,NotApplicable,0.0,1.0,0.0
1017,1018,3,140.0,9.0,2012.0,0,0.0,0.0,NotApplicable,0.0,1.0,0.0
1018,1019,3,2740.0,7.0,2014.0,1,13.0,2010.0,"Jan,Apr,Jul,Oct",0.0,0.0,1.0
1019,1020,1,40.0,8.0,2015.0,0,0.0,0.0,NotApplicable,0.0,0.0,0.0
1020,1021,1,1080.0,5.0,2011.0,0,0.0,0.0,NotApplicable,0.0,0.0,0.0
1021,1022,3,1520.0,9.0,2013.0,0,0.0,0.0,NotApplicable,0.0,0.0,0.0
1022,1023,1,3740.0,2.0,2002.0,1,14.0,2011.0,"Jan,Apr,Jul,Oct",0.0,1.0,0.0
1023,1024,3,1990.0,1.0,2012.0,0,0.0,0.0,NotApplicable,0.0,1.0,0.0
1024,1025,1,720.0,11.0,2009.0,0,0.0,0.0,NotApplicable,0.0,0.0,0.0
1025,1026,1,450.0,6.0,2011.0,1,48.0,2012.0,"Mar,Jun,Sept,Dec",0.0,1.0,0.0
1026,1027,3,190.0,6.0,2008.0,1,40.0,2011.0,"Jan,Apr,Jul,Oct",0.0,0.0,0.0
1027,1028,1,150.0,9.0,2013.0,1,31.0,2013.0,"Jan,Apr,Jul,Oct",0.0,0.0,0.0
1028,1029,1,1590.0,3.0,2006.0,0,0.0,0.0,NotApplicable,0.0,0.0,0.0
1029,1030,1,36410.0,4.0,2008.0,0,0.0,0.0,NotApplicable,0.0,0.0,0.0
1030,1031,1,590.0,5.0,2001.0,0,0.0,0.0,NotApplicable,0.0,0.0,1.0
1031,1032,3,270.0,2.0,2013.0,1,40.0,2012.0,"Jan,Apr,Jul,Oct",0.0,0.0,1.0
1032,1033,1,7680.0,3.0,2006.0,0,0.0,0.0,NotApplicable,0.0,0.0,0.0
1033,1034,1,13750.0,4.0,2015.0,0,0.0,0.0,NotApplicable,0.0,0.0,0.0
1034,1035,1,27150.0,9.0,2013.0,0,0.0,0.0,NotApplicable,0.0,0.0,0.0
1035,1036,3,9560.0,9.0,2013.0,1,36.0,2013.0,"Jan,Apr,Jul,Oct",0.0,0.0,1.0
1036,1037,3,150.0,9.0,2013.0,0,0.0,0.0,NotApplicable,0.0,0.0,0.0
1037,1038,1,17290.0,10.0,2013.0,0,0.0,0.0,NotApplicable,0.0,0.0,1.0
1038,1039,3,70.0,6.0,1990.0,1,22.0,2012.0,"Mar,Jun,Sept,Dec",0.0,0.0,0.0
1039,1040,1,4030.0,2.0,2013.0,1,10.0,2014.0,"Jan,Apr,Jul,Oct",0.0,0.0,0.0
1040,1041,1,1600.0,8.0,2013.0,1,40.0,2014.0,"Jan,Apr,Jul,Oct",0.0,1.0,0.0
1041,1042,1,3440.0,9.0,2013.0,1,31.0,2013.0,"Feb,May,Aug,Nov",0.0,0.0,0.0
1042,1043,1,420.0,3.0,2006.0,0,0.0,0.0,NotApplicable,0.0,1.0,0.0
1043,1044,1,240.0,4.0,2015.0,1,13.0,2010.0,"Jan,Apr,Jul,Oct",0.0,1.0,0.0
1044,1045,3,26990.0,12.0,2013.0,0,0.0,0.0,NotApplicable,0.0,0.0,0.0
1045,1046,3,29070.0,4.0,2005.0,0,0.0,0.0,NotApplicable,0.0,0.0,1.0
1046,1047,1,3750.0,9.0,2013.0,1,45.0,2009.0,"Feb,May,Aug,Nov",0.0,0.0,0.0
1047,1048,3,1860.0,9.0,2012.0,1,40.0,2012.0,"Jan,Apr,Jul,Oct",0.0,0.0,1.0
1048,1049,1,370.0,7.0,2012.0,1,14.0,2011.0,"Jan,Apr,Jul,Oct",0.0,0.0,0.0
1049,1050,3,13170.0,8.0,2014.0,1,9.0,2011.0,"Mar,Jun,Sept,Dec",0.0,0.0,1.0
1050,1051,1,200.0,7.0,1998.0,1,1.0,2012.0,"Jan,Apr,Jul,Oct",0.0,1.0,0.0
1051,1052,3,5080.0,9.0,2013.0,1,31.0,2013.0,"Feb,May,Aug,Nov",0.0,0.0,0.0
1052,1053,1,1710.0,7.0,2015.0,0,0.0,0.0,NotApplicable,0.0,0.0,0.0
1053,1054,3,13190.0,9.0,2013.0,1,45.0,2013.0,"Feb,May,Aug,Nov",0.0,0.0,0.0
1054,1055,1,1980.0,4.0,2009.0,0,0.0,0.0,NotApplicable,0.0,1.0,0.0
1055,1056,3,5350.0,9.0,2013.0,1,40.0,2012.0,"Jan,Apr,Jul,Oct",0.0,0.0,1.0
1056,1057,3,3230.0,11.0,2011.0,0,0.0,0.0,NotApplicable,0.0,0.0,1.0
1057,1058,3,180.0,9.0,2013.0,1,35.0,2010.0,"Mar,Jun,Sept,Dec",0.0,0.0,0.0
1058,1059,1,3380.0,4.0,2013.0,0,0.0,0.0,NotApplicable,0.0,1.0,0.0
1059,1060,3,3430.0,9.0,2013.0,1,31.0,2013.0,"Feb,May,Aug,Nov",0.0,0.0,0.0
1060,1061,3,8110.0,9.0,2013.0,0,0.0,0.0,NotApplicable,0.0,0.0,1.0
1061,1062,1,190.0,9.0,2012.0,1,40.0,2012.0,"Feb,May,Aug,Nov",0.0,0.0,1.0
1062,1063,3,6250.0,9.0,2013.0,0,0.0,0.0,NotApplicable,0.0,0.0,0.0
1063,1064,3,420.0,9.0,2013.0,0,0.0,0.0,NotApplicable,0.0,0.0,0.0
1064,1065,1,1290.0,9.0,2013.0,1,35.0,2011.0,"Mar,Jun,Sept,Dec",0.0,0.0,0.0
1065,1066,1,3350.0,9.0,2013.0,0,0.0,0.0,NotApplicable,0.0,0.0,0.0
1066,1067,3,12020.0,7.0,2009.0,0,0.0,0.0,NotApplicable,0.0,0.0,1.0
1067,1068,3,5010.0,9.0,2013.0,1,5.0,2013.0,"Jan,Apr,Jul,Oct",0.0,0.0,1.0
1068,1069,3,18050.0,9.0,2013.0,1,14.0,2011.0,"Jan,Apr,Jul,Oct",0.0,0.0,0.0
1069,1070,3,400.0,10.0,2008.0,0,0.0,0.0,NotApplicable,0.0,1.0,0.0
1070,1071,1,820.0,3.0,2012.0,1,35.0,2012.0,"Mar,Jun,Sept,Dec",0.0,0.0,0.0
1071,1072,3,5380.0,8.0,2015.0,1,5.0,2010.0,"Feb,May,Aug,Nov",0.0,0.0,0.0
1072,1073,3,1710.0,9.0,2013.0,1,44.0,2012.0,"Jan,Apr,Jul,Oct",0.0,0.0,0.0
1073,1074,3,3330.0,10.0,2001.0,1,14.0,2011.0,"Jan,Apr,Jul,Oct",0.0,1.0,0.0
1074,1075,3,1410.0,10.0,2013.0,0,0.0,0.0,NotApplicable,0.0,0.0,0.0
1075,1076,3,90.0,9.0,2013.0,1,1.0,2013.0,"Jan,Apr,Jul,Oct",0.0,0.0,0.0
1076,1077,1,3750.0,11.0,2001.0,1,35.0,2010.0,"Mar,Jun,Sept,Dec",0.0,0.0,0.0
1077,1078,3,670.0,9.0,2013.0,1,40.0,2011.0,"Jan,Apr,Jul,Oct",0.0,0.0,1.0
1078,1079,1,16680.0,9.0,2013.0,1,37.0,2009.0,"Jan,Apr,Jul,Oct",0.0,0.0,0.0
1079,1080,1,2410.0,9.0,2013.0,1,40.0,2014.0,"Jan,Apr,Jul,Oct",0.0,0.0,0.0
1080,1081,1,400.0,3.0,2006.0,0,0.0,0.0,NotApplicable,1.0,0.0,0.0
1081,1082,1,440.0,4.0,2002.0,0,0.0,0.0,NotApplicable,0.0,1.0,0.0
1082,1083,3,11540.0,9.0,2013.0,1,5.0,2013.0,"Feb,May,Aug,Nov",0.0,0.0,1.0
1083,1084,1,190.0,9.0,2013.0,1,13.0,2010.0,"Jan,Apr,Jul,Oct",0.0,0.0,0.0
1084,1085,1,4030.0,2.0,2015.0,0,0.0,0.0,NotApplicable,0.0,1.0,0.0
1085,1086,1,180.0,11.0,2013.0,1,18.0,2011.0,"Feb,May,Aug,Nov",0.0,0.0,0.0
1086,1087,3,2210.0,11.0,2011.0,0,0.0,0.0,NotApplicable,0.0,0.0,1.0
1087,1088,1,4300.0,3.0,2009.0,1,27.0,2013.0,"Jan,Apr,Jul,Oct",0.0,0.0,0.0
1088,1089,1,5220.0,5.0,2009.0,0,0.0,0.0,NotApplicable,0.0,0.0,1.0
1089,1090,1,330.0,9.0,2013.0,1,14.0,2011.0,"Jan,Apr,Jul,Oct",0.0,0.0,0.0
1090,1091,3,9990.0,9.0,2013.0,0,0.0,0.0,NotApplicable,0.0,0.0,0.0
1091,1092,1,300.0,7.0,2000.0,1,40.0,2014.0,"Jan,Apr,Jul,Oct",0.0,0.0,0.0
1092,1093,3,10450.0,6.0,2009.0,0,0.0,0.0,NotApplicable,0.0,1.0,0.0
1093,1094,1,2380.0,3.0,2013.0,1,40.0,2014.0,"Jan,Apr,Jul,Oct",0.0,0.0,1.0
1094,1095,1,690.0,6.0,2007.0,1,14.0,2011.0,"Jan,Apr,Jul,Oct",0.0,0.0,0.0
1095,1096,3,1130.0,9.0,2013.0,1,10.0,2014.0,"Mar,Jun,Sept,Dec",0.0,0.0,0.0
1096,1097,2,720.0,3.0,2002.0,0,0.0,0.0,NotApplicable,1.0,0.0,0.0
1097,1098,1,1830.0,11.0,2004.0,0,0.0,0.0,NotApplicable,0.0,0.0,0.0
1098,1099,3,200.0,4.0,2013.0,1,14.0,2013.0,"Jan,Apr,Jul,Oct",0.0,0.0,0.0
1099,1100,1,540.0,9.0,2013.0,1,14.0,2011.0,"Jan,Apr,Jul,Oct",0.0,0.0,0.0
1100,1101,3,4060.0,9.0,2012.0,0,0.0,0.0,NotApplicable,0.0,0.0,1.0
1101,1102,1,850.0,11.0,2012.0,1,40.0,2014.0,"Jan,Apr,Jul,Oct",0.0,0.0,0.0
1102,1103,3,1340.0,10.0,2006.0,1,5.0,2013.0,"Feb,May,Aug,Nov",0.0,0.0,1.0
1103,1104,1,260.0,2.0,2012.0,1,14.0,2011.0,"Jan,Apr,Jul,Oct",0.0,0.0,1.0
1104,1105,3,330.0,11.0,2008.0,1,5.0,2013.0,"Feb,May,Aug,Nov",0.0,1.0,0.0
1105,1106,3,5330.0,9.0,2011.0,1,31.0,2013.0,"Jan,Apr,Jul,Oct",0.0,0.0,0.0
1106,1107,1,1400.0,6.0,2012.0,1,13.0,2010.0,"Jan,Apr,Jul,Oct",0.0,0.0,0.0
1107,1108,1,540.0,4.0,2004.0,0,0.0,0.0,NotApplicable,0.0,0.0,0.0
1108,1109,1,3490.0,4.0,2011.0,1,22.0,2012.0,"Jan,Apr,Jul,Oct",0.0,1.0,0.0
1109,1110,3,900.0,9.0,2010.0,0,0.0,0.0,NotApplicable,0.0,1.0,0.0
1110,1111,1,1900.0,6.0,2014.0,1,31.0,2013.0,"Jan,Apr,Jul,Oct",0.0,0.0,0.0
1111,1112,3,1880.0,4.0,2006.0,0,0.0,0.0,NotApplicable,0.0,1.0,0.0
1112,1113,3,9260.0,9.0,2013.0,0,0.0,0.0,NotApplicable,0.0,0.0,0.0
1113,1114,3,870.0,9.0,2013.0,0,0.0,0.0,NotApplicable,0.0,0.0,0.0
1114,1115,3,5350.0,9.0,2013.0,1,22.0,2012.0,"Mar,Jun,Sept,Dec",0.0,0.0,1.0
